idx,Question_no,Set_no,idx1,idx2,idx3,idx4
0,Q1,1,603,650,42,1204
1,Q2,1,13,843,404,1528
2,Q3,1,129,224,752,1218
3,Q4,1,1072,310,433,1230
4,Q5,1,1069,685,39,1482
5,Q6,1,898,989,1076,1500
6,Q7,1,873,451,273,1446
7,Q8,1,951,119,807,1452
8,Q9,1,297,507,346,1581
9,Q10,1,168,638,193,1514
10,Q11,1,1065,445,569,1325
11,Q12,1,319,1102,854,1380
12,Q13,1,1191,186,1062,1292
13,Q14,1,160,309,1175,1563
14,Q15,1,123,47,253,1304
15,Q16,1,338,530,24,1255
16,Q17,1,63,607,992,1488
17,Q18,1,867,829,233,1335
18,Q19,1,901,919,128,1495
19,Q20,1,516,318,400,1288
20,Q21,1,587,158,718,1519
21,Q22,1,678,1182,0,1506
22,Q23,1,878,58,975,1396
23,Q24,1,255,663,21,1294
24,Q25,1,446,181,478,1569
25,Q26,1,267,690,1116,1415
26,Q27,1,283,566,172,1333
27,Q28,1,1164,182,1148,1245
28,Q29,1,686,1118,101,1315
29,Q30,1,401,1034,640,1509
30,Q31,1,1140,494,311,1339
31,Q32,1,452,174,996,1318
32,Q33,1,29,675,826,1594
33,Q34,1,279,1147,143,1562
34,Q35,1,997,260,1031,1328
35,Q36,1,855,203,1050,1256
36,Q37,1,930,615,626,1361
37,Q38,1,432,266,958,1381
38,Q39,1,643,946,254,1412
39,Q40,1,242,454,660,1293
40,Q41,1,292,985,1060,1464
41,Q42,1,265,284,277,1274
42,Q43,1,825,1061,649,1484
43,Q44,1,944,726,1185,1481
44,Q45,1,1194,744,449,1289
45,Q46,1,257,1047,1181,1414
46,Q47,1,499,1107,1106,1490
47,Q48,1,921,547,596,1470
48,Q49,1,733,723,488,1279
49,Q50,1,20,92,656,1323
50,Q51,1,1179,178,792,1590
51,Q52,1,827,235,275,1378
52,Q53,1,65,219,349,1525
53,Q54,1,426,676,395,1225
54,Q55,1,383,409,1176,1567
55,Q56,1,522,979,361,1435
56,Q57,1,773,586,518,1243
57,Q58,1,222,420,211,1360
58,Q59,1,1195,125,450,1566
59,Q60,1,289,535,1196,1267
60,Q61,1,1080,897,1115,1284
61,Q62,1,455,645,8,1485
62,Q63,1,391,1156,575,1573
63,Q64,1,604,1136,1166,1320
64,Q65,1,141,108,82,1497
65,Q66,1,483,472,724,1543
66,Q67,1,1075,340,862,1366
67,Q68,1,791,719,19,1246
68,Q69,1,1149,856,760,1457
69,Q70,1,337,709,323,1550
70,Q71,1,953,914,1091,1445
71,Q72,1,1096,1053,69,1496
72,Q73,1,858,264,890,1404
73,Q74,1,993,917,533,1268
74,Q75,1,1,1033,629,1295
75,Q76,1,1077,617,846,1593
76,Q77,1,208,1056,687,1570
77,Q78,1,9,746,560,1367
78,Q79,1,1152,1172,7,1589
79,Q80,1,366,565,798,1347
80,Q81,1,1004,820,691,1579
81,Q82,1,1109,425,790,1433
82,Q83,1,1145,463,680,1402
83,Q84,1,353,541,347,1503
84,Q85,1,911,962,747,1599
85,Q86,1,317,966,500,1417
86,Q87,1,468,112,700,1277
87,Q88,1,539,68,669,1247
88,Q89,1,1199,799,115,1270
89,Q90,1,1032,619,614,1311
90,Q91,1,813,227,727,1296
91,Q92,1,574,12,85,1316
92,Q93,1,428,699,808,1531
93,Q94,1,982,1162,716,1282
94,Q95,1,150,1028,145,1455
95,Q96,1,159,671,844,1239
96,Q97,1,324,913,163,1383
97,Q98,1,417,639,1029,1400
98,Q99,1,148,935,1160,1387
99,Q100,1,552,305,328,1492
100,Q101,1,94,11,250,1252
101,Q102,1,694,714,1070,1592
102,Q103,1,25,998,697,1451
103,Q104,1,721,442,486,1236
104,Q105,1,278,907,1057,1526
105,Q106,1,834,312,994,1306
106,Q107,1,4,416,187,1443
107,Q108,1,175,910,672,1577
108,Q109,1,667,987,601,1355
109,Q110,1,559,1121,732,1430
110,Q111,1,976,683,1103,1357
111,Q112,1,294,302,814,1209
112,Q113,1,567,1128,1167,1222
113,Q114,1,613,588,711,1356
114,Q115,1,139,995,5,1384
115,Q116,1,888,80,179,1257
116,Q117,1,438,1021,845,1568
117,Q118,1,1187,316,622,1421
118,Q119,1,448,789,1043,1501
119,Q120,1,64,941,529,1508
120,Q121,1,185,386,285,1290
121,Q122,1,204,308,949,1326
122,Q123,1,784,779,441,1363
123,Q124,1,16,1037,232,1235
124,Q125,1,920,1143,151,1224
125,Q126,1,611,693,870,1298
126,Q127,1,336,795,422,1232
127,Q128,1,408,1097,226,1426
128,Q129,1,803,618,355,1379
129,Q130,1,138,489,731,1250
130,Q131,1,757,835,202,1248
131,Q132,1,1101,957,679,1410
132,Q133,1,132,501,737,1462
133,Q134,1,655,1180,155,1586
134,Q135,1,180,841,742,1432
135,Q136,1,286,950,863,1371
136,Q137,1,1030,134,963,1510
137,Q138,1,1016,55,881,1216
138,Q139,1,572,635,1111,1322
139,Q140,1,205,536,251,1390
140,Q141,1,3,418,893,1370
141,Q142,1,1085,362,608,1368
142,Q143,1,34,1068,689,1582
143,Q144,1,929,783,91,1392
144,Q145,1,52,605,972,1386
145,Q146,1,162,705,1035,1591
146,Q147,1,513,410,106,1308
147,Q148,1,965,135,1157,1276
148,Q149,1,457,1139,1170,1214
149,Q150,1,393,197,558,1244
150,Q151,1,508,1086,61,1547
151,Q152,1,1000,364,970,1552
152,Q153,1,1158,41,399,1537
153,Q154,1,554,551,246,1249
154,Q155,1,97,306,88,1585
155,Q156,1,249,531,124,1234
156,Q157,1,848,736,628,1403
157,Q158,1,334,677,707,1498
158,Q159,1,130,490,1184,1571
159,Q160,1,370,40,583,1358
160,Q161,1,977,775,816,1201
161,Q162,1,17,864,1023,1557
162,Q163,1,894,473,585,1377
163,Q164,1,210,712,142,1331
164,Q165,1,459,713,777,1354
165,Q166,1,378,120,98,1344
166,Q167,1,384,701,717,1332
167,Q168,1,199,831,506,1472
168,Q169,1,1059,708,971,1468
169,Q170,1,1163,479,654,1439
170,Q171,1,593,335,1124,1313
171,Q172,1,922,594,600,1228
172,Q173,1,430,847,166,1442
173,Q174,1,427,838,44,1513
174,Q175,1,1098,62,444,1237
175,Q176,1,209,86,637,1265
176,Q177,1,354,959,131,1226
177,Q178,1,1009,612,648,1456
178,Q179,1,725,763,53,1397
179,Q180,1,467,938,216,1240
180,Q181,1,412,682,762,1483
181,Q182,1,778,765,909,1431
182,Q183,1,439,431,943,1219
183,Q184,1,1173,853,127,1572
184,Q185,1,248,568,630,1341
185,Q186,1,849,271,434,1434
186,Q187,1,1082,118,458,1273
187,Q188,1,625,534,167,1223
188,Q189,1,801,1052,735,1504
189,Q190,1,1041,213,1088,1540
190,Q191,1,460,281,999,1449
191,Q192,1,376,631,1022,1259
192,Q193,1,1078,259,35,1544
193,Q194,1,188,780,371,1242
194,Q195,1,121,653,927,1454
195,Q196,1,523,692,621,1364
196,Q197,1,484,231,818,1576
197,Q198,1,394,573,666,1258
198,Q199,1,26,502,960,1549
199,Q200,1,673,1039,414,1286
200,Q201,1,646,114,419,1314
201,Q202,1,515,836,562,1272
202,Q203,1,538,192,512,1423
203,Q204,1,313,544,884,1530
204,Q205,1,702,821,303,1394
205,Q206,1,738,868,519,1424
206,Q207,1,589,866,367,1283
207,Q208,1,461,223,681,1337
208,Q209,1,787,892,900,1349
209,Q210,1,470,1151,77,1463
210,Q211,1,924,71,1083,1388
211,Q212,1,389,421,32,1266
212,Q213,1,664,397,218,1220
213,Q214,1,793,228,314,1529
214,Q215,1,599,423,1137,1551
215,Q216,1,710,274,810,1261
216,Q217,1,83,811,1169,1553
217,Q218,1,1108,745,14,1515
218,Q219,1,1100,851,373,1300
219,Q220,1,874,43,703,1542
220,Q221,1,819,1138,136,1597
221,Q222,1,1054,239,236,1291
222,Q223,1,263,908,1112,1343
223,Q224,1,382,741,983,1441
224,Q225,1,571,1142,877,1365
225,Q226,1,804,761,657,1583
226,Q227,1,1092,1090,1155,1309
227,Q228,1,912,154,794,1524
228,Q229,1,28,805,282,1303
229,Q230,1,38,388,111,1271
230,Q231,1,1018,1074,435,1580
231,Q232,1,720,555,937,1310
232,Q233,1,1058,407,225,1471
233,Q234,1,497,620,880,1385
234,Q235,1,584,54,381,1574
235,Q236,1,758,331,786,1348
236,Q237,1,1165,176,592,1546
237,Q238,1,1063,743,321,1202
238,Q239,1,137,96,374,1565
239,Q240,1,926,674,437,1409
240,Q241,1,244,1040,698,1559
241,Q242,1,339,198,243,1523
242,Q243,1,269,1188,387,1416
243,Q244,1,740,842,341,1548
244,Q245,1,36,1025,634,1305
245,Q246,1,22,93,1017,1518
246,Q247,1,695,1073,23,1473
247,Q248,1,797,147,749,1458
248,Q249,1,133,1010,812,1329
249,Q250,1,823,436,768,1588
250,Q251,1,493,476,1178,1511
251,Q252,1,1006,945,345,1211
252,Q253,1,196,774,915,1584
253,Q254,1,1064,503,270,1324
254,Q255,1,325,280,557,1345
255,Q256,1,372,1192,320,1372
256,Q257,1,1183,561,739,1285
257,Q258,1,934,1133,87,1477
258,Q259,1,806,548,1150,1487
259,Q260,1,1099,859,76,1411
260,Q261,1,1153,447,1005,1575
261,Q262,1,899,443,424,1425
262,Q263,1,379,45,293,1491
263,Q264,1,1141,896,754,1466
264,Q265,1,241,464,95,1494
265,Q266,1,144,1117,772,1229
266,Q267,1,923,542,939,1321
267,Q268,1,1190,78,291,1233
268,Q269,1,207,1042,475,1391
269,Q270,1,1071,220,822,1516
270,Q271,1,230,2,149,1389
271,Q272,1,802,1084,56,1407
272,Q273,1,850,524,730,1253
273,Q274,1,582,165,770,1376
274,Q275,1,348,31,1003,1429
275,Q276,1,46,729,1126,1382
276,Q277,1,756,647,750,1359
277,Q278,1,262,403,828,1560
278,Q279,1,616,350,157,1534
279,Q280,1,288,10,1051,1221
280,Q281,1,73,67,332,1489
281,Q282,1,1026,356,1093,1459
282,Q283,1,161,102,482,1522
283,Q284,1,122,764,1095,1536
284,Q285,1,517,545,504,1596
285,Q286,1,368,462,206,1212
286,Q287,1,771,1123,767,1350
287,Q288,1,411,852,895,1227
288,Q289,1,315,487,840,1217
289,Q290,1,964,360,684,1297
290,Q291,1,1131,247,885,1479
291,Q292,1,377,916,861,1280
292,Q293,1,1119,322,37,1465
293,Q294,1,1105,973,116,1461
294,Q295,1,532,956,1007,1210
295,Q296,1,961,272,1087,1287
296,Q297,1,113,498,1135,1231
297,Q298,1,1027,940,728,1460
298,Q299,1,904,528,456,1499
299,Q300,1,1130,49,396,1393
300,Q301,1,170,883,1055,1373
301,Q302,1,974,570,51,1420
302,Q303,1,363,550,1079,1299
303,Q304,1,295,406,169,1327
304,Q305,1,465,1154,623,1447
305,Q306,1,217,477,471,1278
306,Q307,1,540,30,642,1351
307,Q308,1,177,240,1020,1346
308,Q309,1,194,556,936,1406
309,Q310,1,84,879,90,1418
310,Q311,1,609,665,326,1561
311,Q312,1,183,990,931,1395
312,Q313,1,633,659,268,1502
313,Q314,1,184,1045,578,1405
314,Q315,1,776,344,1122,1319
315,Q316,1,624,988,375,1436
316,Q317,1,229,543,237,1555
317,Q318,1,553,511,104,1399
318,Q319,1,1066,105,189,1512
319,Q320,1,832,651,933,1438
320,Q321,1,330,359,521,1336
321,Q322,1,299,1014,598,1527
322,Q323,1,579,212,505,1493
323,Q324,1,474,234,191,1539
324,Q325,1,632,200,50,1206
325,Q326,1,753,352,1120,1474
326,Q327,1,887,1132,1024,1507
327,Q328,1,453,839,287,1374
328,Q329,1,1125,1193,661,1475
329,Q330,1,221,466,796,1208
330,Q331,1,788,300,948,1334
331,Q332,1,1015,126,1146,1369
332,Q333,1,704,33,1110,1312
333,Q334,1,60,590,215,1262
334,Q335,1,1189,75,495,1467
335,Q336,1,906,891,156,1480
336,Q337,1,358,602,942,1564
337,Q338,1,146,252,889,1352
338,Q339,1,903,1019,759,1578
339,Q340,1,537,706,947,1215
340,Q341,1,1197,815,1161,1505
341,Q342,1,103,152,1114,1408
342,Q343,1,1104,1198,413,1238
343,Q344,1,1013,918,485,1422
344,Q345,1,670,153,327,1254
345,Q346,1,1171,595,57,1398
346,Q347,1,72,928,261,1200
347,Q348,1,527,214,164,1469
348,Q349,1,173,245,955,1521
349,Q350,1,781,606,688,1338
350,Q351,1,190,79,751,1281
351,Q352,1,480,969,1094,1545
352,Q353,1,564,817,171,1444
353,Q354,1,984,1046,954,1264
354,Q355,1,905,967,981,1427
355,Q356,1,748,301,100,1275
356,Q357,1,440,576,722,1375
357,Q358,1,627,469,1044,1476
358,Q359,1,833,755,978,1453
359,Q360,1,1089,195,405,1517
360,Q361,1,525,110,59,1330
361,Q362,1,1159,18,1008,1533
362,Q363,1,514,1129,1168,1213
363,Q364,1,15,546,800,1263
364,Q365,1,644,66,307,1340
365,Q366,1,1127,1012,48,1450
366,Q367,1,342,991,365,1532
367,Q368,1,869,1036,860,1362
368,Q369,1,1002,6,925,1317
369,Q370,1,81,769,1001,1269
370,Q371,1,980,1049,117,1260
371,Q372,1,1113,351,304,1486
372,Q373,1,597,429,563,1353
373,Q374,1,415,662,369,1413
374,Q375,1,636,276,549,1342
375,Q376,1,1134,398,510,1401
376,Q377,1,1067,99,107,1535
377,Q378,1,641,581,1081,1478
378,Q379,1,610,986,256,1554
379,Q380,1,520,857,329,1241
380,Q381,1,809,1048,886,1302
381,Q382,1,782,238,830,1301
382,Q383,1,509,577,1038,1251
383,Q384,1,492,526,89,1595
384,Q385,1,668,824,734,1203
385,Q386,1,785,715,298,1205
386,Q387,1,932,392,875,1541
387,Q388,1,343,591,1174,1437
388,Q389,1,357,872,882,1448
389,Q390,1,27,766,109,1558
390,Q391,1,74,1144,1177,1556
391,Q392,1,290,496,380,1538
392,Q393,1,70,658,837,1419
393,Q394,1,1011,968,385,1428
394,Q395,1,140,481,902,1440
395,Q396,1,491,402,1186,1587
396,Q397,1,871,201,865,1307
397,Q398,1,580,333,652,1520
398,Q399,1,952,390,876,1207
399,Q400,1,696,258,296,1598
400,Q1,2,414,513,853,1527
401,Q2,2,1039,450,858,1464
402,Q3,2,567,808,366,1379
403,Q4,2,1086,1184,671,1264
404,Q5,2,993,431,24,1284
405,Q6,2,393,135,690,1483
406,Q7,2,625,1145,971,1422
407,Q8,2,910,813,159,1316
408,Q9,2,855,660,922,1412
409,Q10,2,763,1059,167,1314
410,Q11,2,16,1167,285,1260
411,Q12,2,694,846,713,1276
412,Q13,2,1121,829,44,1553
413,Q14,2,799,1009,34,1506
414,Q15,2,302,451,1098,1206
415,Q16,2,1097,914,384,1481
416,Q17,2,1069,1140,1076,1523
417,Q18,2,55,996,292,1315
418,Q19,2,25,614,52,1525
419,Q20,2,746,41,318,1384
420,Q21,2,930,893,1060,1498
421,Q22,2,63,894,935,1544
422,Q23,2,69,92,516,1449
423,Q24,2,685,1180,732,1430
424,Q25,2,838,1107,680,1293
425,Q26,2,1068,999,441,1225
426,Q27,2,1032,457,541,1532
427,Q28,2,446,142,995,1337
428,Q29,2,211,700,1101,1492
429,Q30,2,1050,1185,40,1364
430,Q31,2,361,463,970,1561
431,Q32,2,130,712,522,1252
432,Q33,2,151,689,586,1300
433,Q34,2,371,297,626,1537
434,Q35,2,547,834,257,1442
435,Q36,2,127,890,362,1304
436,Q37,2,529,645,867,1369
437,Q38,2,816,265,452,1268
438,Q39,2,603,979,718,1477
439,Q40,2,1194,985,172,1444
440,Q41,2,953,957,630,1597
441,Q42,2,762,826,640,1583
442,Q43,2,1102,873,175,1286
443,Q44,2,143,921,425,1518
444,Q45,2,35,231,394,1573
445,Q46,2,310,977,1116,1557
446,Q47,2,719,568,943,1308
447,Q48,2,791,881,98,1485
448,Q49,2,467,1164,289,1263
449,Q50,2,600,1147,305,1222
450,Q51,2,818,138,724,1279
451,Q52,2,611,442,1157,1418
452,Q53,2,1152,736,139,1227
453,Q54,2,250,1000,575,1271
454,Q55,2,783,795,612,1249
455,Q56,2,607,798,913,1329
456,Q57,2,687,251,951,1334
457,Q58,2,825,963,1080,1298
458,Q59,2,777,566,13,1221
459,Q60,2,863,518,663,1443
460,Q61,2,124,1196,370,1524
461,Q62,2,574,966,8,1352
462,Q63,2,726,335,118,1309
463,Q64,2,378,324,854,1318
464,Q65,2,399,336,468,1237
465,Q66,2,26,847,267,1393
466,Q67,2,125,120,572,1564
467,Q68,2,108,286,560,1244
468,Q69,2,112,1162,649,1376
469,Q70,2,3,552,349,1346
470,Q71,2,166,319,701,1288
471,Q72,2,86,1016,693,1439
472,Q73,2,1061,727,9,1354
473,Q74,2,242,1111,160,1478
474,Q75,2,1030,141,507,1394
475,Q76,2,308,478,814,1319
476,Q77,2,621,7,666,1550
477,Q78,2,412,539,58,1566
478,Q79,2,747,1053,792,1434
479,Q80,2,708,779,716,1395
480,Q81,2,479,459,47,1375
481,Q82,2,1149,12,1075,1473
482,Q83,2,430,433,180,1326
483,Q84,2,202,709,536,1389
484,Q85,2,401,337,1103,1372
485,Q86,2,848,62,312,1400
486,Q87,2,697,962,1072,1554
487,Q88,2,835,907,994,1241
488,Q89,2,635,870,594,1405
489,Q90,2,778,129,449,1440
490,Q91,2,266,631,554,1312
491,Q92,2,94,1065,618,1581
492,Q93,2,992,281,306,1426
493,Q94,2,622,416,1023,1516
494,Q95,2,284,864,11,1476
495,Q96,2,707,132,255,1295
496,Q97,2,347,264,717,1345
497,Q98,2,801,246,897,1342
498,Q99,2,391,911,1031,1533
499,Q100,2,309,757,209,1386
500,Q101,2,534,721,565,1465
501,Q102,2,629,502,1078,1261
502,Q103,2,19,604,182,1278
503,Q104,2,639,1148,656,1521
504,Q105,2,5,61,20,1246
505,Q106,2,131,311,232,1414
506,Q107,2,1166,432,260,1536
507,Q108,2,1034,972,17,1251
508,Q109,2,181,1033,677,1599
509,Q110,2,224,654,678,1215
510,Q111,2,737,273,1106,1358
511,Q112,2,714,789,328,1493
512,Q113,2,1047,216,1021,1472
513,Q114,2,1139,80,807,1535
514,Q115,2,856,676,530,1592
515,Q116,2,1143,499,85,1452
516,Q117,2,1096,1118,316,1343
517,Q118,2,1182,667,473,1302
518,Q119,2,949,593,248,1214
519,Q120,2,958,317,752,1283
520,Q121,2,1035,1175,253,1256
521,Q122,2,827,355,106,1305
522,Q123,2,653,615,1176,1519
523,Q124,2,162,1128,898,1234
524,Q125,2,354,573,803,1458
525,Q126,2,1052,426,831,1340
526,Q127,2,944,128,583,1539
527,Q128,2,1085,472,158,1499
528,Q129,2,735,208,294,1320
529,Q130,2,226,780,672,1262
530,Q131,2,486,249,134,1545
531,Q132,2,278,605,617,1245
532,Q133,2,588,585,115,1266
533,Q134,2,1022,775,82,1357
534,Q135,2,1082,408,862,1333
535,Q136,2,490,186,1172,1530
536,Q137,2,193,841,121,1236
537,Q138,2,271,277,888,1381
538,Q139,2,731,790,686,1349
539,Q140,2,145,679,334,1510
540,Q141,2,383,723,648,1500
541,Q142,2,705,784,65,1529
542,Q143,2,0,150,901,1303
543,Q144,2,438,683,619,1331
544,Q145,2,386,458,569,1270
545,Q146,2,938,400,1179,1455
546,Q147,2,909,97,997,1446
547,Q148,2,551,682,444,1454
548,Q149,2,1163,692,197,1502
549,Q150,2,965,533,1191,1589
550,Q151,2,340,643,733,1429
551,Q152,2,929,188,501,1514
552,Q153,2,725,279,1028,1555
553,Q154,2,4,1056,638,1549
554,Q155,2,254,233,1062,1242
555,Q156,2,454,1109,523,1350
556,Q157,2,765,376,508,1459
557,Q158,2,1088,174,483,1407
558,Q159,2,185,675,742,1212
559,Q160,2,1160,323,820,1417
560,Q161,2,489,205,168,1416
561,Q162,2,428,1136,691,1363
562,Q163,2,1115,628,460,1587
563,Q164,2,418,1041,650,1228
564,Q165,2,637,1158,494,1436
565,Q166,2,420,946,427,1486
566,Q167,2,1029,998,843,1335
567,Q168,2,178,1,488,1522
568,Q169,2,68,213,655,1411
569,Q170,2,119,844,558,1531
570,Q171,2,608,179,587,1231
571,Q172,2,187,404,596,1494
572,Q173,2,275,222,711,1322
573,Q174,2,445,123,1077,1425
574,Q175,2,346,283,395,1580
575,Q176,2,878,1004,148,1490
576,Q177,2,1195,976,941,1526
577,Q178,2,975,535,1170,1327
578,Q179,2,1124,559,203,1232
579,Q180,2,960,434,927,1504
580,Q181,2,417,699,1037,1247
581,Q182,2,155,959,917,1480
582,Q183,2,91,673,64,1209
583,Q184,2,531,21,601,1282
584,Q185,2,1173,439,455,1273
585,Q186,2,338,227,235,1385
586,Q187,2,1057,219,760,1463
587,Q188,2,1199,987,1187,1362
588,Q189,2,1091,849,101,1330
589,Q190,2,1181,163,409,1595
590,Q191,2,500,204,210,1380
591,Q192,2,29,410,989,1558
592,Q193,2,920,88,39,1505
593,Q194,2,484,845,1156,1224
594,Q195,2,950,199,42,1378
595,Q196,2,1043,448,982,1450
596,Q197,2,53,364,919,1567
597,Q198,2,1070,506,259,1280
598,Q199,2,773,353,422,1223
599,Q200,2,744,669,613,1415
600,Q201,2,584,339,1100,1437
601,Q202,2,176,396,122,1353
602,Q203,2,373,788,942,1397
603,Q204,2,18,71,1011,1491
604,Q205,2,51,1154,1114,1487
605,Q206,2,851,304,207,1584
606,Q207,2,301,578,931,1547
607,Q208,2,1099,859,282,1267
608,Q209,2,398,734,245,1421
609,Q210,2,1008,1007,102,1484
610,Q211,2,1105,1134,755,1277
611,Q212,2,1079,1168,329,1311
612,Q213,2,190,514,918,1593
613,Q214,2,681,236,299,1235
614,Q215,2,837,60,945,1281
615,Q216,2,1183,973,375,1233
616,Q217,2,263,57,519,1275
617,Q218,2,466,620,377,1339
618,Q219,2,828,368,303,1571
619,Q220,2,1046,802,980,1368
620,Q221,2,1198,830,955,1274
621,Q222,2,876,474,990,1471
622,Q223,2,1024,215,333,1590
623,Q224,2,352,1038,1093,1575
624,Q225,2,243,389,505,1445
625,Q226,2,883,1027,261,1470
626,Q227,2,793,223,405,1474
627,Q228,2,550,696,1197,1259
628,Q229,2,562,1090,10,1431
629,Q230,2,66,561,796,1390
630,Q231,2,403,563,1171,1359
631,Q232,2,407,79,1089,1258
632,Q233,2,1045,517,908,1313
633,Q234,2,1126,879,988,1285
634,Q235,2,447,239,81,1466
635,Q236,2,100,905,983,1401
636,Q237,2,642,741,885,1205
637,Q238,2,237,598,87,1229
638,Q239,2,32,590,351,1588
639,Q240,2,385,475,892,1479
640,Q241,2,136,212,72,1591
641,Q242,2,896,369,599,1409
642,Q243,2,1042,481,470,1351
643,Q244,2,1005,549,577,1230
644,Q245,2,824,397,865,1296
645,Q246,2,874,497,169,1528
646,Q247,2,220,636,1026,1208
647,Q248,2,797,200,545,1507
648,Q249,2,153,201,524,1355
649,Q250,2,750,144,234,1410
650,Q251,2,84,382,1051,1220
651,Q252,2,1144,564,462,1317
652,Q253,2,228,225,936,1323
653,Q254,2,156,1019,1092,1217
654,Q255,2,390,314,900,1328
655,Q256,2,776,832,495,1366
656,Q257,2,964,1094,1055,1541
657,Q258,2,1015,75,252,1569
658,Q259,2,269,1137,528,1578
659,Q260,2,67,715,623,1325
660,Q261,2,644,117,256,1294
661,Q262,2,298,809,821,1265
662,Q263,2,14,36,1083,1321
663,Q264,2,1095,469,23,1596
664,Q265,2,804,1036,646,1419
665,Q266,2,1073,348,1153,1272
666,Q267,2,272,758,540,1299
667,Q268,2,947,538,477,1269
668,Q269,2,360,392,627,1582
669,Q270,2,1188,860,769,1356
670,Q271,2,485,591,229,1433
671,Q272,2,330,852,657,1568
672,Q273,2,903,839,954,1496
673,Q274,2,241,520,196,1515
674,Q275,2,480,247,70,1594
675,Q276,2,114,1159,296,1488
676,Q277,2,498,1177,1193,1497
677,Q278,2,532,526,592,1383
678,Q279,2,868,932,429,1574
679,Q280,2,595,781,1064,1202
680,Q281,2,899,771,300,1365
681,Q282,2,487,1049,895,1211
682,Q283,2,728,291,1071,1468
683,Q284,2,1048,886,49,1257
684,Q285,2,2,1122,512,1475
685,Q286,2,165,515,850,1560
686,Q287,2,456,96,659,1324
687,Q288,2,940,443,904,1456
688,Q289,2,1129,322,1127,1361
689,Q290,2,461,111,54,1420
690,Q291,2,313,290,616,1517
691,Q292,2,359,258,482,1577
692,Q293,2,411,152,840,1240
693,Q294,2,984,937,1006,1467
694,Q295,2,703,1155,183,1341
695,Q296,2,276,556,926,1367
696,Q297,2,891,1081,842,1457
697,Q298,2,624,133,836,1238
698,Q299,2,571,154,453,1448
699,Q300,2,74,632,902,1462
700,Q301,2,140,1132,45,1403
701,Q302,2,1131,504,511,1392
702,Q303,2,363,651,1044,1255
703,Q304,2,421,381,710,1210
704,Q305,2,1133,761,465,1413
705,Q306,2,740,387,295,1307
706,Q307,2,367,738,109,1438
707,Q308,2,923,1112,46,1391
708,Q309,2,30,440,50,1469
709,Q310,2,555,113,1192,1548
710,Q311,2,321,491,787,1538
711,Q312,2,668,887,537,1406
712,Q313,2,956,274,768,1287
713,Q314,2,800,345,785,1248
714,Q315,2,372,1013,43,1432
715,Q316,2,939,240,1169,1370
716,Q317,2,435,576,658,1201
717,Q318,2,786,527,589,1570
718,Q319,2,315,173,1020,1290
719,Q320,2,1150,170,1058,1310
720,Q321,2,6,544,1178,1360
721,Q322,2,877,137,189,1254
722,Q323,2,915,1174,889,1289
723,Q324,2,1087,356,99,1559
724,Q325,2,1135,1012,1138,1207
725,Q326,2,388,1054,986,1301
726,Q327,2,344,146,105,1204
727,Q328,2,192,1146,704,1402
728,Q329,2,806,928,822,1203
729,Q330,2,823,107,126,1398
730,Q331,2,609,875,981,1291
731,Q332,2,262,191,698,1216
732,Q333,2,406,662,510,1552
733,Q334,2,184,1001,1018,1520
734,Q335,2,1014,1119,684,1344
735,Q336,2,674,33,56,1534
736,Q337,2,89,934,602,1435
737,Q338,2,59,1161,171,1482
738,Q339,2,37,759,767,1586
739,Q340,2,794,871,961,1306
740,Q341,2,770,1110,580,1338
741,Q342,2,1025,661,38,1543
742,Q343,2,221,326,1040,1377
743,Q344,2,1084,688,582,1551
744,Q345,2,280,933,967,1509
745,Q346,2,974,641,610,1347
746,Q347,2,177,244,833,1373
747,Q348,2,815,1066,521,1585
748,Q349,2,28,413,402,1503
749,Q350,2,238,73,925,1218
750,Q351,2,753,906,810,1374
751,Q352,2,884,1190,492,1396
752,Q353,2,198,764,15,1292
753,Q354,2,525,116,147,1513
754,Q355,2,861,664,948,1562
755,Q356,2,218,1108,503,1427
756,Q357,2,805,424,739,1461
757,Q358,2,214,331,1130,1511
758,Q359,2,782,357,436,1404
759,Q360,2,1113,730,268,1576
760,Q361,2,553,1151,22,1424
761,Q362,2,464,880,161,1423
762,Q363,2,812,766,217,1453
763,Q364,2,31,882,1003,1451
764,Q365,2,157,1189,722,1495
765,Q366,2,195,606,1120,1441
766,Q367,2,341,745,1002,1250
767,Q368,2,27,557,1117,1447
768,Q369,2,95,857,743,1508
769,Q370,2,77,570,542,1332
770,Q371,2,90,872,230,1460
771,Q372,2,633,270,1165,1371
772,Q373,2,288,307,581,1428
773,Q374,2,1142,634,320,1512
774,Q375,2,952,548,83,1489
775,Q376,2,493,1125,103,1501
776,Q377,2,702,670,695,1388
777,Q378,2,358,811,969,1563
778,Q379,2,720,293,546,1243
779,Q380,2,1063,325,543,1399
780,Q381,2,706,1186,579,1572
781,Q382,2,1074,365,924,1546
782,Q383,2,437,374,729,1348
783,Q384,2,104,48,332,1408
784,Q385,2,754,93,78,1239
785,Q386,2,1067,772,817,1219
786,Q387,2,756,496,287,1336
787,Q388,2,350,665,968,1213
788,Q389,2,774,819,1123,1226
789,Q390,2,471,916,991,1579
790,Q391,2,652,206,1010,1542
791,Q392,2,647,342,978,1253
792,Q393,2,1017,380,476,1556
793,Q394,2,749,164,1141,1565
794,Q395,2,869,866,419,1200
795,Q396,2,423,149,509,1297
796,Q397,2,597,748,912,1540
797,Q398,2,110,415,379,1387
798,Q399,2,194,327,343,1382
799,Q400,2,76,1104,751,1598
800,Q1,3,354,1080,289,1447
801,Q2,3,1022,158,867,1490
802,Q3,3,747,1136,575,1424
803,Q4,3,998,831,943,1570
804,Q5,3,554,172,648,1369
805,Q6,3,235,1107,427,1521
806,Q7,3,535,44,604,1500
807,Q8,3,484,1173,1124,1290
808,Q9,3,444,699,1069,1383
809,Q10,3,127,431,572,1400
810,Q11,3,426,119,92,1431
811,Q12,3,393,1009,264,1274
812,Q13,3,972,1160,386,1204
813,Q14,3,47,250,731,1246
814,Q15,3,707,349,1166,1583
815,Q16,3,855,617,1004,1227
816,Q17,3,224,995,20,1306
817,Q18,3,697,705,834,1512
818,Q19,3,639,757,118,1389
819,Q20,3,791,605,534,1368
820,Q21,3,1023,445,838,1453
821,Q22,3,1000,479,735,1202
822,Q23,3,25,3,1121,1395
823,Q24,3,420,713,209,1278
824,Q25,3,347,894,1070,1549
825,Q26,3,845,145,167,1258
826,Q27,3,222,691,784,1397
827,Q28,3,401,306,992,1330
828,Q29,3,1147,910,246,1529
829,Q30,3,94,649,977,1230
830,Q31,3,1032,818,1102,1398
831,Q32,3,442,1028,203,1208
832,Q33,3,1118,125,0,1381
833,Q34,3,640,596,53,1289
834,Q35,3,130,958,683,1507
835,Q36,3,820,654,1072,1399
836,Q37,3,541,1047,7,1363
837,Q38,3,34,919,286,1262
838,Q39,3,680,629,273,1331
839,Q40,3,210,277,694,1205
840,Q41,3,1106,953,957,1326
841,Q42,3,1194,862,1053,1418
842,Q43,3,1140,441,827,1324
843,Q44,3,971,917,478,1410
844,Q45,3,233,13,211,1379
845,Q46,3,1059,370,1167,1293
846,Q47,3,721,949,963,1229
847,Q48,3,1086,529,1152,1394
848,Q49,3,733,430,1179,1485
849,Q50,3,364,1078,185,1518
850,Q51,3,622,1060,714,1310
851,Q52,3,305,999,483,1478
852,Q53,3,711,814,835,1467
853,Q54,3,463,383,283,1302
854,Q55,3,4,1180,193,1454
855,Q56,3,692,826,801,1545
856,Q57,3,600,531,142,1457
857,Q58,3,671,316,1029,1437
858,Q59,3,115,317,121,1520
859,Q60,3,775,559,310,1516
860,Q61,3,459,55,141,1370
861,Q62,3,265,85,86,1496
862,Q63,3,302,124,813,1215
863,Q64,3,676,414,1056,1239
864,Q65,3,438,8,294,1510
865,Q66,3,311,502,615,1356
866,Q67,3,993,334,1050,1558
867,Q68,3,21,1,760,1353
868,Q69,3,284,987,700,1497
869,Q70,3,1068,404,631,1396
870,Q71,3,890,677,1143,1233
871,Q72,3,248,472,324,1259
872,Q73,3,979,355,1062,1522
873,Q74,3,395,112,864,1325
874,Q75,3,611,848,168,1426
875,Q76,3,717,16,913,1544
876,Q77,3,608,929,619,1502
877,Q78,3,568,678,637,1257
878,Q79,3,128,522,1076,1236
879,Q80,3,708,1037,789,1213
880,Q81,3,1098,88,565,1348
881,Q82,3,612,1035,650,1523
882,Q83,3,58,123,52,1562
883,Q84,3,163,825,227,1252
884,Q85,3,108,601,328,1419
885,Q86,3,893,160,732,1460
886,Q87,3,232,318,1109,1527
887,Q88,3,468,897,346,1283
888,Q89,3,1065,1016,856,1406
889,Q90,3,458,106,319,1563
890,Q91,3,951,975,558,1582
891,Q92,3,9,412,35,1343
892,Q93,3,391,701,773,1291
893,Q94,3,863,1031,920,1584
894,Q95,3,1163,693,204,1452
895,Q96,3,574,410,179,1323
896,Q97,3,376,132,366,1225
897,Q98,3,91,792,422,1553
898,Q99,3,777,719,1182,1247
899,Q100,3,911,335,40,1371
900,Q101,3,1139,1075,259,1292
901,Q102,3,799,180,186,1212
902,Q103,3,588,778,187,1254
903,Q104,3,1041,808,26,1248
904,Q105,3,970,451,267,1531
905,Q106,3,384,448,660,1201
906,Q107,3,39,566,1043,1475
907,Q108,3,779,523,150,1355
908,Q109,3,689,1196,870,1333
909,Q110,3,513,673,82,1495
910,Q111,3,762,966,42,1597
911,Q112,3,231,746,297,1219
912,Q113,3,257,533,178,1577
913,Q114,3,1162,151,803,1501
914,Q115,3,434,655,853,1415
915,Q116,3,807,844,898,1559
916,Q117,3,278,1088,1097,1486
917,Q118,3,162,1116,539,1385
918,Q119,3,669,507,938,1272
919,Q120,3,621,371,135,1251
920,Q121,3,120,996,61,1551
921,Q122,3,255,24,174,1249
922,Q123,3,858,551,69,1477
923,Q124,3,725,308,607,1581
924,Q125,3,985,501,97,1542
925,Q126,3,854,614,454,1412
926,Q127,3,569,795,506,1405
927,Q128,3,941,251,41,1463
928,Q129,3,394,1033,763,1598
929,Q130,3,667,994,536,1360
930,Q131,3,68,643,873,1438
931,Q132,3,585,362,583,1373
932,Q133,3,446,552,202,1568
933,Q134,3,143,1085,1096,1245
934,Q135,3,727,666,922,1380
935,Q136,3,1101,736,139,1534
936,Q137,3,653,219,921,1351
937,Q138,3,361,625,455,1256
938,Q139,3,709,62,718,1595
939,Q140,3,98,63,1199,1243
940,Q141,3,5,909,279,1200
941,Q142,3,881,226,914,1361
942,Q143,3,205,457,901,1334
943,Q144,3,1157,783,976,1362
944,Q145,3,418,188,737,1428
945,Q146,3,1077,888,638,1575
946,Q147,3,712,378,275,1580
947,Q148,3,213,131,271,1382
948,Q149,3,473,573,1148,1429
949,Q150,3,798,197,1156,1588
950,Q151,3,946,428,1061,1526
951,Q152,3,1176,1115,516,1209
952,Q153,3,1021,687,724,1309
953,Q154,3,499,547,182,1349
954,Q155,3,1145,1195,1164,1489
955,Q156,3,134,927,1111,1548
956,Q157,3,686,618,765,1388
957,Q158,3,965,336,101,1354
958,Q159,3,530,907,843,1472
959,Q160,3,1185,208,1170,1456
960,Q161,3,594,1091,1052,1448
961,Q162,3,1103,323,849,1407
962,Q163,3,603,635,675,1226
963,Q164,3,780,129,159,1391
964,Q165,3,630,266,80,1314
965,Q166,3,816,716,656,1255
966,Q167,3,260,253,175,1425
967,Q168,3,409,1030,1158,1592
968,Q169,3,723,645,312,1268
969,Q170,3,1172,500,254,1422
970,Q171,3,726,950,249,1335
971,Q172,3,181,959,1187,1367
972,Q173,3,742,467,1175,1579
973,Q174,3,1184,841,679,1211
974,Q175,3,449,281,846,1532
975,Q176,3,989,309,340,1207
976,Q177,3,944,1039,1128,1390
977,Q178,3,242,847,672,1298
978,Q179,3,338,829,416,1231
979,Q180,3,450,337,486,1538
980,Q181,3,1181,490,17,1491
981,Q182,3,613,155,432,1458
982,Q183,3,425,65,935,1375
983,Q184,3,433,1149,1034,1280
984,Q185,3,593,682,494,1297
985,Q186,3,567,29,64,1569
986,Q187,3,12,560,587,1586
987,Q188,3,628,790,685,1504
988,Q189,3,1191,353,752,1384
989,Q190,3,138,439,408,1484
990,Q191,3,148,878,400,1403
991,Q192,3,489,518,663,1535
992,Q193,3,399,417,1057,1222
993,Q194,3,586,460,997,1263
994,Q195,3,690,960,488,1473
995,Q196,3,166,199,11,1576
996,Q197,3,930,508,19,1599
997,Q198,3,1082,962,452,1340
998,Q199,3,216,285,982,1464
999,Q200,3,292,744,626,1596
1000,Q201,3,1100,1089,377,1594
1001,Q202,3,32,730,576,1416
1002,Q203,3,304,307,1024,1511
1003,Q204,3,1095,1026,532,1284
1004,Q205,3,492,598,961,1286
1005,Q206,3,842,755,122,1374
1006,Q207,3,357,474,892,1483
1007,Q208,3,6,563,519,1387
1008,Q209,3,969,111,54,1488
1009,Q210,3,787,218,107,1276
1010,Q211,3,939,1189,772,1503
1011,Q212,3,797,57,1168,1308
1012,Q213,3,753,1038,647,1566
1013,Q214,3,104,1014,154,1533
1014,Q215,3,956,1174,345,1305
1015,Q216,3,980,564,1198,1365
1016,Q217,3,1018,766,512,1539
1017,Q218,3,372,90,1144,1421
1018,Q219,3,836,1135,754,1546
1019,Q220,3,1171,170,555,1358
1020,Q221,3,406,405,38,1445
1021,Q222,3,908,291,465,1392
1022,Q223,3,511,149,315,1320
1023,Q224,3,1049,906,462,1487
1024,Q225,3,738,495,928,1413
1025,Q226,3,411,811,23,1514
1026,Q227,3,339,207,670,1218
1027,Q228,3,83,194,903,1541
1028,Q229,3,610,1138,556,1519
1029,Q230,3,517,722,153,1312
1030,Q231,3,464,440,157,1253
1031,Q232,3,1188,1071,1094,1401
1032,Q233,3,31,764,887,1508
1033,Q234,3,696,1054,1134,1555
1034,Q235,3,164,884,869,1481
1035,Q236,3,623,453,497,1261
1036,Q237,3,10,882,756,1430
1037,Q238,3,514,871,380,1339
1038,Q239,3,161,221,33,1442
1039,Q240,3,889,152,1131,1439
1040,Q241,3,1013,543,321,1279
1041,Q242,3,720,1048,642,1480
1042,Q243,3,368,73,947,1221
1043,Q244,3,144,229,396,1282
1044,Q245,3,1132,110,597,1281
1045,Q246,3,945,18,239,1347
1046,Q247,3,830,385,509,1216
1047,Q248,3,590,915,802,1578
1048,Q249,3,244,1066,896,1228
1049,Q250,3,1154,940,525,1590
1050,Q251,3,93,800,557,1357
1051,Q252,3,230,839,1015,1585
1052,Q253,3,578,967,95,1440
1053,Q254,3,75,1079,933,1462
1054,Q255,3,1112,295,788,1561
1055,Q256,3,325,770,287,1565
1056,Q257,3,241,1064,341,1587
1057,Q258,3,840,577,633,1275
1058,Q259,3,1186,36,851,1238
1059,Q260,3,571,81,912,1423
1060,Q261,3,37,156,809,1307
1061,Q262,3,599,710,1190,1404
1062,Q263,3,1027,526,342,1304
1063,Q264,3,561,860,456,1492
1064,Q265,3,290,1192,300,1509
1065,Q266,3,584,1040,437,1350
1066,Q267,3,476,375,986,1589
1067,Q268,3,1090,786,739,1505
1068,Q269,3,70,1125,1110,1366
1069,Q270,3,904,407,955,1342
1070,Q271,3,270,332,1146,1376
1071,Q272,3,1153,579,702,1572
1072,Q273,3,872,1130,493,1329
1073,Q274,3,212,589,261,1210
1074,Q275,3,348,45,527,1455
1075,Q276,3,521,367,833,1528
1076,Q277,3,875,684,984,1556
1077,Q278,3,850,706,49,1287
1078,Q279,3,804,632,381,1378
1079,Q280,3,1169,280,1019,1409
1080,Q281,3,388,1105,952,1471
1081,Q282,3,116,1002,1108,1241
1082,Q283,3,443,880,176,1435
1083,Q284,3,925,923,817,1303
1084,Q285,3,1122,28,99,1270
1085,Q286,3,360,891,272,1536
1086,Q287,3,538,1067,545,1260
1087,Q288,3,936,698,363,1432
1088,Q289,3,806,1074,169,1573
1089,Q290,3,990,84,983,1346
1090,Q291,3,171,87,968,1338
1091,Q292,3,934,1058,1011,1214
1092,Q293,3,1183,198,782,1560
1093,Q294,3,103,466,741,1540
1094,Q295,3,1042,475,397,1420
1095,Q296,3,661,189,740,1273
1096,Q297,3,1099,553,43,1250
1097,Q298,3,196,105,793,1372
1098,Q299,3,56,665,268,1468
1099,Q300,3,1025,326,89,1499
1100,Q301,3,136,651,72,1296
1101,Q302,3,491,223,78,1220
1102,Q303,3,868,759,879,1443
1103,Q304,3,471,1155,674,1461
1104,Q305,3,356,392,748,1319
1105,Q306,3,352,263,734,1470
1106,Q307,3,703,1084,688,1450
1107,Q308,3,900,206,781,1315
1108,Q309,3,240,220,243,1203
1109,Q310,3,503,570,274,1345
1110,Q311,3,877,117,749,1277
1111,Q312,3,276,837,954,1294
1112,Q313,3,1126,1036,937,1285
1113,Q314,3,60,537,981,1288
1114,Q315,3,988,549,79,1295
1115,Q316,3,948,373,1055,1557
1116,Q317,3,658,1063,1177,1513
1117,Q318,3,681,1045,237,1530
1118,Q319,3,387,769,644,1411
1119,Q320,3,165,510,861,1417
1120,Q321,3,140,344,883,1524
1121,Q322,3,1193,750,1003,1466
1122,Q323,3,225,874,591,1301
1123,Q324,3,234,1150,974,1402
1124,Q325,3,728,1165,832,1393
1125,Q326,3,436,481,1007,1313
1126,Q327,3,609,821,67,1591
1127,Q328,3,238,902,991,1469
1128,Q329,3,905,343,66,1433
1129,Q330,3,382,540,785,1567
1130,Q331,3,299,146,50,1240
1131,Q332,3,767,96,606,1299
1132,Q333,3,824,133,369,1336
1133,Q334,3,126,768,190,1337
1134,Q335,3,805,46,215,1482
1135,Q336,3,899,548,293,1237
1136,Q337,3,1151,27,48,1451
1137,Q338,3,183,810,926,1269
1138,Q339,3,505,1092,2,1332
1139,Q340,3,978,22,389,1327
1140,Q341,3,419,1093,542,1427
1141,Q342,3,147,659,743,1265
1142,Q343,3,1010,173,1113,1318
1143,Q344,3,932,365,195,1267
1144,Q345,3,504,423,485,1206
1145,Q346,3,480,322,819,1554
1146,Q347,3,424,258,1104,1364
1147,Q348,3,415,403,413,1321
1148,Q349,3,331,1012,515,1593
1149,Q350,3,102,794,15,1436
1150,Q351,3,487,228,1044,1552
1151,Q352,3,350,1129,379,1444
1152,Q353,3,886,496,624,1571
1153,Q354,3,580,269,931,1449
1154,Q355,3,668,402,942,1479
1155,Q356,3,627,924,303,1550
1156,Q357,3,704,1017,550,1386
1157,Q358,3,435,1020,461,1232
1158,Q359,3,1073,520,313,1266
1159,Q360,3,1120,201,77,1506
1160,Q361,3,301,895,562,1465
1161,Q362,3,109,528,200,1498
1162,Q363,3,1141,865,1006,1543
1163,Q364,3,715,1008,429,1271
1164,Q365,3,745,964,482,1359
1165,Q366,3,177,812,581,1476
1166,Q367,3,616,582,664,1317
1167,Q368,3,236,252,256,1223
1168,Q369,3,358,634,646,1311
1169,Q370,3,973,1117,695,1344
1170,Q371,3,1081,1127,71,1235
1171,Q372,3,592,1137,247,1493
1172,Q373,3,1123,447,1005,1494
1173,Q374,3,636,245,333,1474
1174,Q375,3,288,885,652,1244
1175,Q376,3,1133,137,100,1224
1176,Q377,3,815,758,1114,1341
1177,Q378,3,320,14,859,1547
1178,Q379,3,262,544,876,1574
1179,Q380,3,1001,374,327,1459
1180,Q381,3,113,1178,828,1264
1181,Q382,3,390,51,59,1441
1182,Q383,3,498,657,916,1217
1183,Q384,3,191,359,776,1564
1184,Q385,3,184,771,330,1352
1185,Q386,3,1197,470,1142,1515
1186,Q387,3,217,595,351,1377
1187,Q388,3,214,774,1051,1414
1188,Q389,3,1159,761,477,1234
1189,Q390,3,192,1119,1087,1242
1190,Q391,3,421,329,1161,1300
1191,Q392,3,74,823,866,1434
1192,Q393,3,918,852,282,1517
1193,Q394,3,524,662,398,1322
1194,Q395,3,857,469,314,1408
1195,Q396,3,1046,546,822,1537
1196,Q397,3,1083,751,620,1446
1197,Q398,3,114,641,296,1328
1198,Q399,3,602,796,729,1316
1199,Q400,3,30,76,298,1525
1200,Q1,4,88,914,442,1233
1201,Q2,4,855,747,604,1471
1202,Q3,4,383,94,1172,1537
1203,Q4,4,645,98,446,1217
1204,Q5,4,1181,844,205,1327
1205,Q6,4,349,1098,694,1319
1206,Q7,4,284,638,409,1260
1207,Q8,4,439,309,992,1591
1208,Q9,4,1043,1103,626,1256
1209,Q10,4,222,202,449,1238
1210,Q11,4,159,523,1101,1450
1211,Q12,4,61,949,242,1445
1212,Q13,4,120,617,719,1201
1213,Q14,4,246,870,679,1515
1214,Q15,4,1004,574,1156,1472
1215,Q16,4,277,310,572,1374
1216,Q17,4,536,547,127,1594
1217,Q18,4,656,451,458,1279
1218,Q19,4,960,26,267,1284
1219,Q20,4,834,683,416,1210
1220,Q21,4,7,260,534,1508
1221,Q22,4,618,950,82,1350
1222,Q23,4,472,941,47,1514
1223,Q24,4,150,11,1194,1399
1224,Q25,4,323,757,20,1385
1225,Q26,4,814,1028,1157,1253
1226,Q27,4,317,433,629,1535
1227,Q28,4,209,863,648,1262
1228,Q29,4,858,554,789,1357
1229,Q30,4,257,1196,167,1418
1230,Q31,4,1077,58,1195,1209
1231,Q32,4,265,219,975,1383
1232,Q33,4,585,709,166,1306
1233,Q34,4,422,731,19,1215
1234,Q35,4,779,864,1115,1304
1235,Q36,4,507,428,976,1291
1236,Q37,4,42,635,693,1597
1237,Q38,4,994,601,935,1341
1238,Q39,4,354,401,614,1226
1239,Q40,4,119,211,391,1490
1240,Q41,4,533,255,1029,1344
1241,Q42,4,69,378,259,1378
1242,Q43,4,841,894,281,1585
1243,Q44,4,506,799,522,1396
1244,Q45,4,426,568,1030,1432
1245,Q46,4,655,691,395,1236
1246,Q47,4,488,271,248,1560
1247,Q48,4,813,338,174,1401
1248,Q49,4,673,425,125,1576
1249,Q50,4,478,138,653,1546
1250,Q51,4,13,21,953,1229
1251,Q52,4,361,441,999,1473
1252,Q53,4,845,414,660,1349
1253,Q54,4,611,735,608,1230
1254,Q55,4,131,362,41,1274
1255,Q56,4,158,982,742,1530
1256,Q57,4,920,917,204,1509
1257,Q58,4,249,279,151,1536
1258,Q59,4,791,744,1091,1534
1259,Q60,4,727,803,160,1266
1260,Q61,4,921,911,334,1407
1261,Q62,4,808,508,179,1231
1262,Q63,4,593,25,1075,1370
1263,Q64,4,737,827,253,1324
1264,Q65,4,0,535,454,1248
1265,Q66,4,716,873,55,1212
1266,Q67,4,1111,736,91,1495
1267,Q68,4,1032,1085,848,1556
1268,Q69,4,233,835,254,1435
1269,Q70,4,909,575,676,1265
1270,Q71,4,615,208,566,1573
1271,Q72,4,586,1116,63,1586
1272,Q73,4,650,958,569,1423
1273,Q74,4,938,843,62,1507
1274,Q75,4,1,721,997,1518
1275,Q76,4,630,1167,417,1497
1276,Q77,4,783,1136,386,1246
1277,Q78,4,394,118,278,1317
1278,Q79,4,438,628,600,1456
1279,Q80,4,143,541,370,1434
1280,Q81,4,989,186,685,1345
1281,Q82,4,311,213,135,1468
1282,Q83,4,762,531,1162,1593
1283,Q84,4,959,283,235,1348
1284,Q85,4,199,893,565,1547
1285,Q86,4,494,1059,1180,1461
1286,Q87,4,312,1102,142,1388
1287,Q88,4,1149,775,746,1325
1288,Q89,4,285,251,340,1562
1289,Q90,4,452,297,250,1224
1290,Q91,4,795,1148,459,1532
1291,Q92,4,711,816,966,1346
1292,Q93,4,686,1033,1078,1411
1293,Q94,4,913,726,1145,1580
1294,Q95,4,669,80,500,1219
1295,Q96,4,699,175,605,1431
1296,Q97,4,1022,444,765,1565
1297,Q98,4,412,818,182,1517
1298,Q99,4,418,1182,907,1289
1299,Q100,4,957,898,335,1381
1300,Q101,4,162,663,1152,1469
1301,Q102,4,65,708,551,1570
1302,Q103,4,962,867,108,1430
1303,Q104,4,318,1191,1124,1416
1304,Q105,4,24,518,124,1410
1305,Q106,4,717,671,972,1307
1306,Q107,4,890,639,1187,1227
1307,Q108,4,826,483,1128,1572
1308,Q109,4,479,970,677,1303
1309,Q110,4,132,718,666,1308
1310,Q111,4,1147,121,675,1583
1311,Q112,4,319,733,1000,1387
1312,Q113,4,35,227,847,1206
1313,Q114,4,450,1082,286,1359
1314,Q115,4,1118,1166,1199,1302
1315,Q116,4,324,760,353,1310
1316,Q117,4,294,39,44,1259
1317,Q118,4,501,596,752,1343
1318,Q119,4,463,188,901,1520
1319,Q120,4,588,139,778,1207
1320,Q121,4,643,101,654,1440
1321,Q122,4,881,705,888,1552
1322,Q123,4,790,987,404,1483
1323,Q124,4,148,929,682,1362
1324,Q125,4,16,106,965,1273
1325,Q126,4,29,1047,820,1332
1326,Q127,4,489,558,393,1488
1327,Q128,4,1176,1170,216,1561
1328,Q129,4,203,460,168,1400
1329,Q130,4,1109,807,724,1426
1330,Q131,4,346,410,1096,1380
1331,Q132,4,927,985,473,1467
1332,Q133,4,155,1121,1179,1243
1333,Q134,4,376,112,1143,1470
1334,Q135,4,1050,690,1106,1397
1335,Q136,4,4,700,607,1299
1336,Q137,4,640,457,141,1448
1337,Q138,4,5,420,712,1216
1338,Q139,4,178,302,919,1571
1339,Q140,4,777,603,68,1235
1340,Q141,4,1009,971,825,1351
1341,Q142,4,273,622,431,1373
1342,Q143,4,1068,226,1056,1203
1343,Q144,4,123,1072,1021,1598
1344,Q145,4,427,86,292,1539
1345,Q146,4,130,1107,1097,1347
1346,Q147,4,998,1065,853,1506
1347,Q148,4,707,1158,371,1500
1348,Q149,4,1088,678,619,1504
1349,Q150,4,1016,513,560,1283
1350,Q151,4,1070,637,502,1415
1351,Q152,4,612,355,484,1242
1352,Q153,4,922,328,305,1531
1353,Q154,4,784,308,944,1599
1354,Q155,4,145,701,995,1596
1355,Q156,4,846,275,399,1333
1356,Q157,4,1062,723,829,1322
1357,Q158,4,17,64,529,1372
1358,Q159,4,1076,946,631,1326
1359,Q160,4,1052,530,1185,1579
1360,Q161,4,1053,185,115,1337
1361,Q162,4,667,92,977,1452
1362,Q163,4,430,878,780,1425
1363,Q164,4,448,951,862,1287
1364,Q165,4,1164,1039,408,1369
1365,Q166,4,163,1023,347,1587
1366,Q167,4,337,366,486,1331
1367,Q168,4,134,1175,53,1268
1368,Q169,4,798,930,725,1479
1369,Q170,4,364,434,85,1549
1370,Q171,4,1057,1080,672,1292
1371,Q172,4,1069,180,432,1264
1372,Q173,4,573,316,1173,1566
1373,Q174,4,979,34,52,1457
1374,Q175,4,583,680,801,1232
1375,Q176,4,468,854,587,1339
1376,Q177,4,9,266,231,1218
1377,Q178,4,1086,831,649,1335
1378,Q179,4,172,1184,1163,1413
1379,Q180,4,128,1035,97,1318
1380,Q181,4,993,400,963,1551
1381,Q182,4,232,849,539,1213
1382,Q183,4,12,445,224,1516
1383,Q184,4,129,1160,516,1228
1384,Q185,4,336,697,1034,1484
1385,Q186,4,490,1060,306,1261
1386,Q187,4,552,613,1041,1528
1387,Q188,4,197,8,732,1301
1388,Q189,4,1037,3,687,1403
1389,Q190,4,1061,910,559,1245
1390,Q191,4,187,289,567,1475
1391,Q192,4,792,996,467,1421
1392,Q193,4,897,1139,625,1574
1393,Q194,4,1140,193,264,1582
1394,Q195,4,384,692,714,1420
1395,Q196,4,1031,621,181,1353
1396,Q197,4,943,689,210,1578
1397,Q198,4,594,763,838,1491
1398,Q199,4,455,856,773,1436
1399,Q200,4,40,713,499,1428
1400,Q201,4,76,940,1144,1389
1401,Q202,4,398,146,237,1211
1402,Q203,4,421,1119,636,1427
1403,Q204,4,325,710,492,1487
1404,Q205,4,295,734,524,1438
1405,Q206,4,526,287,300,1221
1406,Q207,4,1063,220,606,1462
1407,Q208,4,885,169,381,1281
1408,Q209,4,296,633,1132,1589
1409,Q210,4,136,194,1198,1464
1410,Q211,4,282,865,670,1454
1411,Q212,4,1093,545,1055,1295
1412,Q213,4,1006,223,363,1225
1413,Q214,4,59,272,238,1503
1414,Q215,4,1049,351,688,1275
1415,Q216,4,579,2,812,1255
1416,Q217,4,239,505,339,1250
1417,Q218,4,1142,550,357,1205
1418,Q219,4,782,576,815,1541
1419,Q220,4,786,577,658,1298
1420,Q221,4,196,520,480,1522
1421,Q222,4,978,641,651,1558
1422,Q223,4,1045,291,113,1460
1423,Q224,4,33,828,646,1458
1424,Q225,4,961,948,1190,1453
1425,Q226,4,1169,804,288,1371
1426,Q227,4,802,564,245,1422
1427,Q228,4,15,493,1174,1263
1428,Q229,4,22,173,190,1465
1429,Q230,4,1126,842,748,1355
1430,Q231,4,875,764,228,1575
1431,Q232,4,332,947,891,1496
1432,Q233,4,23,722,1015,1482
1433,Q234,4,1099,706,918,1581
1434,Q235,4,77,967,89,1442
1435,Q236,4,1134,104,111,1338
1436,Q237,4,926,968,365,1463
1437,Q238,4,49,50,261,1313
1438,Q239,4,924,644,356,1285
1439,Q240,4,81,703,695,1342
1440,Q241,4,871,1025,321,1542
1441,Q242,4,45,519,668,1544
1442,Q243,4,510,1046,314,1494
1443,Q244,4,590,749,397,1360
1444,Q245,4,93,899,183,1437
1445,Q246,4,936,599,509,1234
1446,Q247,4,192,906,164,1251
1447,Q248,4,916,1125,886,1499
1448,Q249,4,495,557,165,1550
1449,Q250,4,980,377,424,1538
1450,Q251,4,464,624,1079,1409
1451,Q252,4,157,51,642,1481
1452,Q253,4,380,43,743,1328
1453,Q254,4,821,1100,883,1429
1454,Q255,4,333,396,443,1476
1455,Q256,4,154,771,758,1477
1456,Q257,4,107,837,313,1557
1457,Q258,4,698,767,344,1564
1458,Q259,4,857,887,270,1584
1459,Q260,4,584,322,563,1220
1460,Q261,4,60,939,1005,1510
1461,Q262,4,874,740,73,1363
1462,Q263,4,796,578,1048,1412
1463,Q264,4,1007,1171,903,1525
1464,Q265,4,405,1054,56,1340
1465,Q266,4,923,481,403,1336
1466,Q267,4,236,1161,385,1379
1467,Q268,4,1122,133,1012,1280
1468,Q269,4,477,504,274,1223
1469,Q270,4,171,674,374,1364
1470,Q271,4,475,263,1084,1533
1471,Q272,4,1024,66,298,1592
1472,Q273,4,681,515,482,1526
1473,Q274,4,341,525,276,1376
1474,Q275,4,781,925,755,1249
1475,Q276,4,1087,952,517,1365
1476,Q277,4,1189,99,570,1391
1477,Q278,4,955,806,75,1270
1478,Q279,4,244,540,144,1366
1479,Q280,4,647,1104,851,1384
1480,Q281,4,859,206,1094,1402
1481,Q282,4,243,928,57,1267
1482,Q283,4,1074,745,413,1441
1483,Q284,4,1013,456,983,1511
1484,Q285,4,114,390,218,1390
1485,Q286,4,67,359,229,1288
1486,Q287,4,1042,556,1083,1278
1487,Q288,4,1168,447,896,1377
1488,Q289,4,908,1027,850,1523
1489,Q290,4,753,1014,437,1269
1490,Q291,4,659,580,769,1493
1491,Q292,4,10,1183,895,1244
1492,Q293,4,610,1067,269,1394
1493,Q294,4,48,1178,440,1305
1494,Q295,4,833,592,1146,1555
1495,Q296,4,110,30,988,1252
1496,Q297,4,822,200,937,1254
1497,Q298,4,582,527,70,1297
1498,Q299,4,474,1058,256,1277
1499,Q300,4,122,861,542,1568
1500,Q301,4,1165,623,1073,1505
1501,Q302,4,152,368,195,1311
1502,Q303,4,514,214,498,1356
1503,Q304,4,839,889,720,1367
1504,Q305,4,969,632,562,1312
1505,Q306,4,902,470,1001,1395
1506,Q307,4,31,877,741,1352
1507,Q308,4,137,1010,934,1480
1508,Q309,4,772,191,1018,1595
1509,Q310,4,549,973,54,1443
1510,Q311,4,956,1141,176,1501
1511,Q312,4,1089,553,1108,1512
1512,Q313,4,662,555,1151,1419
1513,Q314,4,774,304,161,1590
1514,Q315,4,389,32,823,1316
1515,Q316,4,375,184,348,1315
1516,Q317,4,241,915,215,1204
1517,Q318,4,766,1117,435,1559
1518,Q319,4,750,1064,301,1540
1519,Q320,4,14,581,372,1330
1520,Q321,4,866,299,1131,1300
1521,Q322,4,1114,268,852,1449
1522,Q323,4,117,367,303,1524
1523,Q324,4,207,352,954,1375
1524,Q325,4,809,1017,201,1257
1525,Q326,4,598,1003,528,1563
1526,Q327,4,1008,140,497,1527
1527,Q328,4,884,728,387,1321
1528,Q329,4,787,805,990,1455
1529,Q330,4,986,1044,634,1444
1530,Q331,4,225,811,1193,1545
1531,Q332,4,221,931,262,1486
1532,Q333,4,189,1019,103,1309
1533,Q334,4,869,487,382,1282
1534,Q335,4,105,785,1137,1417
1535,Q336,4,373,538,1051,1404
1536,Q337,4,315,991,561,1459
1537,Q338,4,496,230,1081,1222
1538,Q339,4,491,754,1112,1478
1539,Q340,4,797,84,240,1247
1540,Q341,4,794,415,1138,1320
1541,Q342,4,1105,407,1036,1567
1542,Q343,4,981,330,1071,1492
1543,Q344,4,904,1038,392,1314
1544,Q345,4,532,156,1186,1200
1545,Q346,4,872,868,402,1451
1546,Q347,4,788,729,290,1382
1547,Q348,4,247,616,406,1577
1548,Q349,4,665,1113,704,1358
1549,Q350,4,471,512,543,1329
1550,Q351,4,1155,761,436,1519
1551,Q352,4,320,932,1188,1553
1552,Q353,4,1130,1040,892,1414
1553,Q354,4,102,1095,327,1543
1554,Q355,4,840,360,217,1361
1555,Q356,4,109,738,1153,1554
1556,Q357,4,537,544,1150,1393
1557,Q358,4,974,485,461,1240
1558,Q359,4,18,252,661,1424
1559,Q360,4,793,345,1133,1296
1560,Q361,4,96,38,95,1202
1561,Q362,4,1090,6,462,1214
1562,Q363,4,46,984,657,1258
1563,Q364,4,759,423,879,1405
1564,Q365,4,153,329,945,1548
1565,Q366,4,702,1135,609,1239
1566,Q367,4,465,170,72,1502
1567,Q368,4,684,36,942,1408
1568,Q369,4,800,876,469,1439
1569,Q370,4,768,28,453,1241
1570,Q371,4,627,900,546,1334
1571,Q372,4,429,419,776,1447
1572,Q373,4,756,258,882,1513
1573,Q374,4,79,100,177,1392
1574,Q375,4,83,87,770,1474
1575,Q376,4,1066,715,74,1433
1576,Q377,4,1110,307,126,1386
1577,Q378,4,411,511,37,1529
1578,Q379,4,652,234,591,1208
1579,Q380,4,212,1192,1092,1569
1580,Q381,4,620,933,860,1588
1581,Q382,4,326,90,476,1276
1582,Q383,4,1123,342,27,1237
1583,Q384,4,602,466,1020,1286
1584,Q385,4,819,905,1026,1368
1585,Q386,4,739,730,912,1398
1586,Q387,4,595,71,880,1272
1587,Q388,4,1154,78,198,1485
1588,Q389,4,964,1197,1129,1446
1589,Q390,4,293,280,350,1294
1590,Q391,4,832,548,836,1406
1591,Q392,4,824,810,817,1521
1592,Q393,4,830,589,1120,1489
1593,Q394,4,369,331,149,1290
1594,Q395,4,664,116,503,1354
1595,Q396,4,571,1011,1127,1293
1596,Q397,4,358,751,147,1498
1597,Q398,4,1002,379,597,1271
1598,Q399,4,521,388,696,1323
1599,Q400,4,1159,1177,343,1466
1600,Q1,5,855,867,283,1232
1601,Q2,5,39,1116,12,1283
1602,Q3,5,1056,158,260,1363
1603,Q4,5,1160,672,975,1427
1604,Q5,5,182,210,395,1320
1605,Q6,5,286,565,1062,1477
1606,Q7,5,694,34,818,1515
1607,Q8,5,572,783,962,1269
1608,Q9,5,112,943,917,1514
1609,Q10,5,108,522,246,1512
1610,Q11,5,311,174,451,1310
1611,Q12,5,949,536,854,1297
1612,Q13,5,249,8,881,1438
1613,Q14,5,472,656,941,1214
1614,Q15,5,68,607,370,1255
1615,Q16,5,675,1175,384,1246
1616,Q17,5,400,426,829,1394
1617,Q18,5,1143,167,1109,1234
1618,Q19,5,259,614,309,1376
1619,Q20,5,972,1016,957,1573
1620,Q21,5,708,663,950,1583
1621,Q22,5,1004,129,686,1364
1622,Q23,5,1185,457,284,1233
1623,Q24,5,568,148,65,1261
1624,Q25,5,667,951,1070,1379
1625,Q26,5,371,353,567,1207
1626,Q27,5,944,408,364,1529
1627,Q28,5,995,989,316,1441
1628,Q29,5,500,531,999,1509
1629,Q30,5,1187,971,86,1458
1630,Q31,5,231,213,1170,1536
1631,Q32,5,123,251,724,1277
1632,Q33,5,494,226,1195,1415
1633,Q34,5,677,1047,490,1466
1634,Q35,5,744,795,463,1597
1635,Q36,5,82,418,150,1226
1636,Q37,5,1082,707,166,1443
1637,Q38,5,673,394,1029,1445
1638,Q39,5,142,814,910,1485
1639,Q40,5,574,271,723,1220
1640,Q41,5,1059,145,289,1289
1641,Q42,5,422,98,1191,1437
1642,Q43,5,1184,25,611,1413
1643,Q44,5,569,121,765,1535
1644,Q45,5,197,640,1180,1208
1645,Q46,5,376,601,890,1271
1646,Q47,5,654,131,1148,1236
1647,Q48,5,701,302,211,1462
1648,Q49,5,1181,338,820,1276
1649,Q50,5,203,450,731,1358
1650,Q51,5,628,617,1097,1461
1651,Q52,5,425,513,559,1558
1652,Q53,5,558,1128,446,1428
1653,Q54,5,1162,554,478,1397
1654,Q55,5,17,222,162,1424
1655,Q56,5,858,534,1080,1582
1656,Q57,5,91,1115,80,1235
1657,Q58,5,297,735,650,1333
1658,Q59,5,310,139,953,1548
1659,Q60,5,193,4,586,1562
1660,Q61,5,1149,58,334,1291
1661,Q62,5,1118,468,366,1433
1662,Q63,5,1060,1139,412,1528
1663,Q64,5,712,305,172,1474
1664,Q65,5,242,431,179,1559
1665,Q66,5,312,637,605,1598
1666,Q67,5,125,779,970,1406
1667,Q68,5,409,1102,888,1480
1668,Q69,5,711,1032,863,1492
1669,Q70,5,285,977,499,1369
1670,Q71,5,1158,324,484,1431
1671,Q72,5,718,61,199,1326
1672,Q73,5,473,52,404,1538
1673,Q74,5,1076,539,784,1284
1674,Q75,5,619,1041,1033,1365
1675,Q76,5,1034,523,410,1460
1676,Q77,5,159,85,813,1543
1677,Q78,5,328,913,119,1249
1678,Q79,5,53,306,275,1478
1679,Q80,5,898,566,831,1312
1680,Q81,5,1075,596,894,1332
1681,Q82,5,1163,19,383,1323
1682,Q83,5,414,1077,1166,1523
1683,Q84,5,185,1,864,1360
1684,Q85,5,827,132,897,1449
1685,Q86,5,958,1173,1147,1351
1686,Q87,5,1000,235,979,1440
1687,Q88,5,1194,479,714,1499
1688,Q89,5,847,583,444,1571
1689,Q90,5,386,1072,692,1588
1690,Q91,5,452,878,719,1421
1691,Q92,5,506,1157,1065,1241
1692,Q93,5,535,893,976,1253
1693,Q94,5,427,608,1078,1495
1694,Q95,5,946,732,1103,1453
1695,Q96,5,335,264,679,1373
1696,Q97,5,1091,294,445,1212
1697,Q98,5,41,911,340,1411
1698,Q99,5,120,778,9,1353
1699,Q100,5,318,992,449,1527
1700,Q101,5,279,63,1022,1465
1701,Q102,5,362,1121,1031,1448
1702,Q103,5,873,838,922,1374
1703,Q104,5,205,233,106,1579
1704,Q105,5,1156,919,292,1402
1705,Q106,5,680,959,1179,1540
1706,Q107,5,856,798,994,1329
1707,Q108,5,416,94,1030,1300
1708,Q109,5,625,907,130,1530
1709,Q110,5,401,219,1086,1334
1710,Q111,5,1096,653,1152,1498
1711,Q112,5,1023,846,3,1230
1712,Q113,5,690,128,965,1524
1713,Q114,5,248,266,488,1502
1714,Q115,5,998,727,178,1393
1715,Q116,5,467,1107,168,1549
1716,Q117,5,733,792,459,1537
1717,Q118,5,35,433,575,1575
1718,Q119,5,209,454,11,1388
1719,Q120,5,115,175,726,1382
1720,Q121,5,927,420,16,1302
1721,Q122,5,645,354,742,1367
1722,Q123,5,982,826,127,1371
1723,Q124,5,278,308,442,1352
1724,Q125,5,399,909,257,1468
1725,Q126,5,188,163,709,1278
1726,Q127,5,921,1145,777,1324
1727,Q128,5,13,438,393,1580
1728,Q129,5,516,631,1088,1272
1729,Q130,5,69,626,160,1237
1730,Q131,5,929,985,97,1219
1731,Q132,5,799,791,254,1314
1732,Q133,5,935,441,143,1267
1733,Q134,5,483,613,1167,1429
1734,Q135,5,780,336,689,1303
1735,Q136,5,966,683,1009,1517
1736,Q137,5,618,1028,849,1265
1737,Q138,5,124,594,763,1380
1738,Q139,5,790,1037,541,1483
1739,Q140,5,775,987,64,1473
1740,Q141,5,705,204,773,1259
1741,Q142,5,455,255,1101,1295
1742,Q143,5,486,603,737,1366
1743,Q144,5,1136,391,685,1390
1744,Q145,5,55,671,639,1347
1745,Q146,5,621,501,747,1520
1746,Q147,5,180,848,151,1356
1747,Q148,5,29,717,845,1287
1748,Q149,5,1061,630,587,1510
1749,Q150,5,26,649,725,1407
1750,Q151,5,135,1021,134,1447
1751,Q152,5,612,347,721,1206
1752,Q153,5,825,834,88,1470
1753,Q154,5,547,835,1085,1446
1754,Q155,5,337,361,1043,1577
1755,Q156,5,430,1176,448,1545
1756,Q157,5,323,716,1111,1209
1757,Q158,5,1052,155,746,1221
1758,Q159,5,678,281,691,1550
1759,Q160,5,699,507,5,1331
1760,Q161,5,232,434,533,1296
1761,Q162,5,250,930,736,1570
1762,Q163,5,843,660,460,1392
1763,Q164,5,920,265,101,1419
1764,Q165,5,752,1106,530,1399
1765,Q166,5,458,585,502,1487
1766,Q167,5,841,682,20,1281
1767,Q168,5,267,187,224,1260
1768,Q169,5,21,853,253,1412
1769,Q170,5,713,40,993,1339
1770,Q171,5,355,573,208,1417
1771,Q172,5,1140,227,1053,1264
1772,Q173,5,1182,604,42,1454
1773,Q174,5,862,901,202,1401
1774,Q175,5,518,635,1098,1552
1775,Q176,5,622,648,1172,1452
1776,Q177,5,808,1069,319,1526
1777,Q178,5,801,489,666,1274
1778,Q179,5,615,997,870,1563
1779,Q180,5,44,655,62,1294
1780,Q181,5,789,529,816,1218
1781,Q182,5,1057,693,1199,1335
1782,Q183,5,914,552,551,1322
1783,Q184,5,996,807,439,1491
1784,Q185,5,687,92,1050,1273
1785,Q186,5,47,700,803,1396
1786,Q187,5,273,7,378,1225
1787,Q188,5,757,844,560,1290
1788,Q189,5,428,1196,963,1313
1789,Q190,5,762,508,118,1319
1790,Q191,5,186,317,938,1368
1791,Q192,5,0,643,593,1444
1792,Q193,5,349,669,346,1518
1793,Q194,5,697,277,432,1354
1794,Q195,5,638,24,760,1306
1795,Q196,5,138,1039,629,1338
1796,Q197,5,588,600,216,1321
1797,Q198,5,676,417,141,1551
1798,Q199,5,1164,1068,1035,1574
1799,Q200,5,960,181,1124,1451
1800,Q201,5,787,165,109,1539
1801,Q202,5,1131,476,485,1231
1802,Q203,5,543,828,1024,1591
1803,Q204,5,681,582,646,1576
1804,Q205,5,137,562,385,1586
1805,Q206,5,840,136,14,1403
1806,Q207,5,741,532,1122,1430
1807,Q208,5,77,212,978,1395
1808,Q209,5,453,491,360,1596
1809,Q210,5,104,423,880,1228
1810,Q211,5,875,396,218,1585
1811,Q212,5,95,564,325,1254
1812,Q213,5,146,469,830,1381
1813,Q214,5,822,1133,504,1500
1814,Q215,5,884,1006,392,1250
1815,Q216,5,981,515,882,1337
1816,Q217,5,1084,627,1015,1469
1817,Q218,5,276,923,375,1301
1818,Q219,5,964,206,839,1203
1819,Q220,5,237,1174,810,1201
1820,Q221,5,1027,23,477,1359
1821,Q222,5,330,413,245,1410
1822,Q223,5,374,576,563,1257
1823,Q224,5,833,749,351,1244
1824,Q225,5,770,59,918,1533
1825,Q226,5,345,703,706,1216
1826,Q227,5,144,76,1138,1476
1827,Q228,5,78,322,1045,1248
1828,Q229,5,307,333,570,1217
1829,Q230,5,2,1018,973,1223
1830,Q231,5,1020,381,238,1564
1831,Q232,5,298,56,665,1263
1832,Q233,5,1117,1119,538,1227
1833,Q234,5,866,1155,1193,1372
1834,Q235,5,215,164,912,1275
1835,Q236,5,176,1071,214,1355
1836,Q237,5,247,27,66,1479
1837,Q238,5,293,634,647,1584
1838,Q239,5,189,745,46,1456
1839,Q240,5,190,889,256,1513
1840,Q241,5,1026,633,860,1315
1841,Q242,5,659,1002,198,1418
1842,Q243,5,755,1081,984,1400
1843,Q244,5,821,71,177,1348
1844,Q245,5,326,474,952,1521
1845,Q246,5,915,928,896,1425
1846,Q247,5,1089,748,616,1522
1847,Q248,5,931,548,229,1240
1848,Q249,5,589,556,195,1554
1849,Q250,5,22,940,715,1391
1850,Q251,5,482,1113,1151,1565
1851,Q252,5,786,348,244,1497
1852,Q253,5,358,710,610,1224
1853,Q254,5,405,461,89,1455
1854,Q255,5,794,390,397,1251
1855,Q256,5,688,1135,832,1343
1856,Q257,5,578,1073,1049,1378
1857,Q258,5,641,1127,83,1362
1858,Q259,5,291,883,200,1405
1859,Q260,5,1129,785,542,1593
1860,Q261,5,429,1188,170,1280
1861,Q262,5,403,466,287,1245
1862,Q263,5,126,1100,756,1204
1863,Q264,5,817,1161,774,1409
1864,Q265,5,321,114,436,1599
1865,Q266,5,447,908,824,1423
1866,Q267,5,234,33,1141,1439
1867,Q268,5,782,100,549,1566
1868,Q269,5,874,300,698,1435
1869,Q270,5,388,988,1165,1404
1870,Q271,5,771,1123,869,1385
1871,Q272,5,290,512,437,1308
1872,Q273,5,299,48,934,1534
1873,Q274,5,599,991,933,1541
1874,Q275,5,852,1192,925,1557
1875,Q276,5,415,1154,519,1210
1876,Q277,5,1003,147,201,1252
1877,Q278,5,93,902,1142,1547
1878,Q279,5,728,1120,228,1519
1879,Q280,5,116,661,111,1330
1880,Q281,5,1013,722,595,1346
1881,Q282,5,644,743,331,1531
1882,Q283,5,1190,579,1144,1482
1883,Q284,5,805,350,38,1293
1884,Q285,5,239,766,734,1247
1885,Q286,5,75,156,1189,1309
1886,Q287,5,948,252,15,1434
1887,Q288,5,1054,402,315,1202
1888,Q289,5,217,282,373,1457
1889,Q290,5,288,192,332,1298
1890,Q291,5,980,961,110,1525
1891,Q292,5,527,411,1040,1336
1892,Q293,5,1146,70,932,1414
1893,Q294,5,230,1042,274,1578
1894,Q295,5,493,1186,802,1341
1895,Q296,5,359,812,74,1311
1896,Q297,5,1183,850,435,1258
1897,Q298,5,837,6,886,1450
1898,Q299,5,939,606,1099,1377
1899,Q300,5,758,263,955,1532
1900,Q301,5,140,598,113,1383
1901,Q302,5,1048,171,406,1496
1902,Q303,5,557,372,196,1507
1903,Q304,5,620,891,470,1590
1904,Q305,5,769,54,768,1317
1905,Q306,5,262,57,487,1318
1906,Q307,5,906,329,1055,1594
1907,Q308,5,37,592,544,1282
1908,Q309,5,363,924,1066,1422
1909,Q310,5,220,73,313,1213
1910,Q311,5,591,314,67,1489
1911,Q312,5,865,937,1104,1279
1912,Q313,5,1126,1105,498,1504
1913,Q314,5,32,877,1169,1398
1914,Q315,5,887,96,207,1505
1915,Q316,5,602,223,379,1516
1916,Q317,5,1094,261,590,1567
1917,Q318,5,764,1012,540,1325
1918,Q319,5,751,81,990,1484
1919,Q320,5,153,879,842,1215
1920,Q321,5,191,859,105,1200
1921,Q322,5,31,236,1150,1349
1922,Q323,5,241,702,804,1239
1923,Q324,5,1110,327,885,1486
1924,Q325,5,295,45,525,1292
1925,Q326,5,369,99,225,1561
1926,Q327,5,339,956,387,1472
1927,Q328,5,623,107,154,1238
1928,Q329,5,480,750,903,1508
1929,Q330,5,674,1025,240,1229
1930,Q331,5,471,642,465,1270
1931,Q332,5,800,1090,624,1459
1932,Q333,5,546,462,28,1467
1933,Q334,5,1092,609,357,1222
1934,Q335,5,806,895,904,1506
1935,Q336,5,1010,668,1038,1432
1936,Q337,5,767,270,509,1262
1937,Q338,5,555,580,301,1595
1938,Q339,5,382,343,60,1416
1939,Q340,5,871,1178,514,1361
1940,Q341,5,497,761,344,1475
1941,Q342,5,341,365,352,1389
1942,Q343,5,872,1017,788,1305
1943,Q344,5,496,1093,50,1375
1944,Q345,5,1197,1114,899,1387
1945,Q346,5,662,696,10,1304
1946,Q347,5,117,983,421,1268
1947,Q348,5,520,303,561,1344
1948,Q349,5,753,1051,861,1569
1949,Q350,5,1046,968,90,1494
1950,Q351,5,1044,356,268,1286
1951,Q352,5,72,1153,161,1426
1952,Q353,5,152,597,503,1357
1953,Q354,5,636,704,900,1342
1954,Q355,5,553,342,368,1211
1955,Q356,5,652,916,243,1442
1956,Q357,5,173,1063,986,1555
1957,Q358,5,122,377,1168,1546
1958,Q359,5,505,632,1005,1420
1959,Q360,5,521,149,495,1256
1960,Q361,5,389,729,320,1501
1961,Q362,5,258,796,524,1350
1962,Q363,5,868,1198,1108,1481
1963,Q364,5,974,571,776,1242
1964,Q365,5,398,419,836,1560
1965,Q366,5,1171,781,1112,1471
1966,Q367,5,133,1132,945,1345
1967,Q368,5,809,511,658,1542
1968,Q369,5,797,651,87,1589
1969,Q370,5,1058,1008,528,1592
1970,Q371,5,169,657,876,1288
1971,Q372,5,367,492,157,1436
1972,Q373,5,280,194,49,1488
1973,Q374,5,1074,1079,739,1299
1974,Q375,5,1019,43,1001,1503
1975,Q376,5,1087,18,1067,1307
1976,Q377,5,754,1036,905,1511
1977,Q378,5,272,36,969,1327
1978,Q379,5,481,1134,740,1544
1979,Q380,5,581,545,695,1553
1980,Q381,5,79,954,793,1340
1981,Q382,5,440,1125,407,1408
1982,Q383,5,380,892,475,1243
1983,Q384,5,1095,51,296,1285
1984,Q385,5,1014,1011,759,1572
1985,Q386,5,936,537,670,1581
1986,Q387,5,720,517,443,1328
1987,Q388,5,526,584,926,1266
1988,Q389,5,684,772,510,1384
1989,Q390,5,1130,851,102,1463
1990,Q391,5,1064,577,456,1587
1991,Q392,5,819,184,857,1490
1992,Q393,5,304,1007,947,1205
1993,Q394,5,730,823,221,1370
1994,Q395,5,269,1137,967,1316
1995,Q396,5,1177,424,464,1464
1996,Q397,5,550,1083,1159,1493
1997,Q398,5,183,103,664,1386
1998,Q399,5,738,84,942,1556
1999,Q400,5,815,811,30,1568
2000,Q1,6,1157,430,8,1285
2001,Q2,6,1136,257,53,1225
2002,Q3,6,622,346,530,1435
2003,Q4,6,292,951,792,1405
2004,Q5,6,130,143,690,1524
2005,Q6,6,260,757,554,1244
2006,Q7,6,779,1030,727,1419
2007,Q8,6,778,224,42,1256
2008,Q9,6,666,603,108,1361
2009,Q10,6,831,172,354,1226
2010,Q11,6,202,336,994,1221
2011,Q12,6,867,68,316,1339
2012,Q13,6,500,922,486,1498
2013,Q14,6,1039,135,182,1457
2014,Q15,6,1167,791,308,1545
2015,Q16,6,9,1160,682,1376
2016,Q17,6,422,953,601,1352
2017,Q18,6,995,803,855,1208
2018,Q19,6,596,718,210,1394
2019,Q20,6,444,1053,44,1553
2020,Q21,6,523,134,459,1207
2021,Q22,6,1139,337,213,1335
2022,Q23,6,626,203,355,1596
2023,Q24,6,20,26,328,1429
2024,Q25,6,1162,998,24,1463
2025,Q26,6,488,901,472,1230
2026,Q27,6,780,586,1028,1546
2027,Q28,6,452,917,1034,1362
2028,Q29,6,463,1196,724,1350
2029,Q30,6,47,1078,432,1577
2030,Q31,6,997,784,1057,1541
2031,Q32,6,919,1047,846,1400
2032,Q33,6,604,347,21,1403
2033,Q34,6,673,188,799,1407
2034,Q35,6,145,685,1111,1298
2035,Q36,6,643,1194,808,1378
2036,Q37,6,1164,672,529,1494
2037,Q38,6,451,4,910,1507
2038,Q39,6,539,277,52,1564
2039,Q40,6,41,638,1096,1351
2040,Q41,6,551,232,507,1478
2041,Q42,6,454,611,124,1434
2042,Q43,6,1062,34,1031,1345
2043,Q44,6,155,853,713,1257
2044,Q45,6,552,655,391,1532
2045,Q46,6,1022,168,692,1373
2046,Q47,6,309,1115,208,1326
2047,Q48,6,843,69,944,1349
2048,Q49,6,963,150,1173,1440
2049,Q50,6,890,612,1023,1289
2050,Q51,6,433,179,284,1292
2051,Q52,6,1061,970,185,1252
2052,Q53,6,434,533,1041,1311
2053,Q54,6,725,1021,175,1495
2054,Q55,6,712,494,166,1431
2055,Q56,6,763,1195,1086,1445
2056,Q57,6,63,700,572,1443
2057,Q58,6,255,640,318,1554
2058,Q59,6,226,1128,205,1584
2059,Q60,6,1158,408,393,1486
2060,Q61,6,676,1109,193,1359
2061,Q62,6,273,694,935,1249
2062,Q63,6,959,112,801,1595
2063,Q64,6,600,311,0,1204
2064,Q65,6,1187,340,827,1448
2065,Q66,6,58,271,536,1557
2066,Q67,6,656,1170,253,1423
2067,Q68,6,1140,639,982,1446
2068,Q69,6,129,1149,115,1540
2069,Q70,6,909,971,162,1497
2070,Q71,6,418,607,650,1402
2071,Q72,6,1043,266,628,1575
2072,Q73,6,714,138,858,1330
2073,Q74,6,1103,289,856,1512
2074,Q75,6,687,987,691,1306
2075,Q76,6,807,522,972,1432
2076,Q77,6,1163,1033,1102,1300
2077,Q78,6,1069,384,534,1201
2078,Q79,6,531,631,1147,1479
2079,Q80,6,559,420,1070,1578
2080,Q81,6,1101,863,1085,1384
2081,Q82,6,473,737,1029,1453
2082,Q83,6,929,319,911,1452
2083,Q84,6,958,941,621,1506
2084,Q85,6,19,1184,106,1267
2085,Q86,6,132,1107,818,1328
2086,Q87,6,946,458,378,1290
2087,Q88,6,645,834,1152,1500
2088,Q89,6,450,541,999,1511
2089,Q90,6,426,943,825,1211
2090,Q91,6,324,565,216,1490
2091,Q92,6,119,573,142,1272
2092,Q93,6,417,219,1121,1260
2093,Q94,6,977,583,630,1367
2094,Q95,6,585,1166,180,1365
2095,Q96,6,248,675,716,1275
2096,Q97,6,733,97,594,1368
2097,Q98,6,618,297,719,1465
2098,Q99,6,637,404,1199,1410
2099,Q100,6,1059,605,250,1566
2100,Q101,6,746,410,349,1318
2101,Q102,6,814,174,654,1551
2102,Q103,6,975,518,671,1523
2103,Q104,6,82,736,148,1599
2104,Q105,6,731,693,1009,1209
2105,Q106,6,516,508,449,1522
2106,Q107,6,1000,128,312,1280
2107,Q108,6,845,965,513,1471
2108,Q109,6,957,431,705,1561
2109,Q110,6,400,723,629,1466
2110,Q111,6,1143,1156,158,1433
2111,Q112,6,893,227,678,1515
2112,Q113,6,881,484,306,1424
2113,Q114,6,1068,501,490,1254
2114,Q115,6,835,742,1035,1428
2115,Q116,6,765,962,7,1340
2116,Q117,6,677,395,930,1393
2117,Q118,6,907,864,547,1570
2118,Q119,6,798,305,897,1366
2119,Q120,6,222,446,197,1517
2120,Q121,6,204,1097,5,1492
2121,Q122,6,709,1075,17,1404
2122,Q123,6,1080,61,386,1399
2123,Q124,6,371,996,1182,1568
2124,Q125,6,1179,428,619,1489
2125,Q126,6,231,762,1091,1467
2126,Q127,6,186,362,3,1415
2127,Q128,6,844,1176,12,1293
2128,Q129,6,383,569,649,1379
2129,Q130,6,1175,283,246,1573
2130,Q131,6,829,775,921,1245
2131,Q132,6,726,789,992,1543
2132,Q133,6,913,663,101,1501
2133,Q134,6,849,249,660,1585
2134,Q135,6,747,669,64,1473
2135,Q136,6,914,399,167,1224
2136,Q137,6,635,506,816,1417
2137,Q138,6,838,409,65,1529
2138,Q139,6,735,121,1145,1203
2139,Q140,6,680,441,62,1310
2140,Q141,6,88,278,1098,1528
2141,Q142,6,613,979,888,1556
2142,Q143,6,211,467,479,1210
2143,Q144,6,414,35,55,1212
2144,Q145,6,1037,478,11,1444
2145,Q146,6,25,86,826,1559
2146,Q147,6,732,898,139,1576
2147,Q148,6,439,310,275,1358
2148,Q149,6,927,151,285,1390
2149,Q150,6,401,209,468,1409
2150,Q151,6,920,854,697,1200
2151,Q152,6,199,689,251,1270
2152,Q153,6,40,862,448,1574
2153,Q154,6,960,29,317,1274
2154,Q155,6,235,1072,455,1235
2155,Q156,6,281,615,1050,1418
2156,Q157,6,783,178,489,1427
2157,Q158,6,847,878,1180,1449
2158,Q159,6,1004,966,1118,1455
2159,Q160,6,1106,233,242,1504
2160,Q161,6,667,13,1116,1302
2161,Q162,6,125,127,717,1251
2162,Q163,6,353,593,841,1505
2163,Q164,6,1124,976,335,1240
2164,Q165,6,483,1076,617,1587
2165,Q166,6,460,123,338,1381
2166,Q167,6,457,653,820,1388
2167,Q168,6,85,721,254,1276
2168,Q169,6,567,267,160,1255
2169,Q170,6,558,92,1148,1312
2170,Q171,6,950,894,425,1533
2171,Q172,6,1088,438,264,1295
2172,Q173,6,1185,120,873,1336
2173,Q174,6,94,608,614,1341
2174,Q175,6,989,574,323,1346
2175,Q176,6,1,938,773,1464
2176,Q177,6,118,502,361,1304
2177,Q178,6,1016,777,294,1220
2178,Q179,6,1181,985,416,1513
2179,Q180,6,1082,265,279,1552
2180,Q181,6,795,568,1191,1320
2181,Q182,6,376,848,98,1205
2182,Q183,6,993,364,1060,1437
2183,Q184,6,259,163,159,1248
2184,Q185,6,686,442,1032,1334
2185,Q186,6,91,708,1172,1481
2186,Q187,6,80,752,1056,1332
2187,Q188,6,679,141,427,1288
2188,Q189,6,813,699,334,1250
2189,Q190,6,949,394,131,1588
2190,Q191,6,566,499,588,1477
2191,Q192,6,790,707,302,1502
2192,Q193,6,870,760,744,1364
2193,Q194,6,39,1065,412,1461
2194,Q195,6,560,1077,187,1422
2195,Q196,6,701,535,1052,1237
2196,Q197,6,181,648,366,1281
2197,Q198,6,587,370,683,1519
2198,Q199,6,445,575,625,1472
2199,Q200,6,286,16,711,1217
2200,Q201,6,230,1114,326,1305
2201,Q202,6,469,646,715,1509
2202,Q203,6,754,1071,379,1590
2203,Q204,6,647,6,1049,1265
2204,Q205,6,332,1094,477,1413
2205,Q206,6,1046,882,524,1382
2206,Q207,6,758,937,153,1387
2207,Q208,6,968,1012,658,1263
2208,Q209,6,1083,381,774,1401
2209,Q210,6,823,734,59,1357
2210,Q211,6,352,1024,50,1491
2211,Q212,6,156,470,903,1563
2212,Q213,6,269,440,865,1580
2213,Q214,6,293,104,542,1503
2214,Q215,6,906,402,218,1558
2215,Q216,6,967,437,303,1386
2216,Q217,6,223,1027,296,1476
2217,Q218,6,1079,739,861,1460
2218,Q219,6,1141,918,932,1261
2219,Q220,6,749,23,184,1549
2220,Q221,6,538,895,642,1308
2221,Q222,6,67,78,875,1426
2222,Q223,6,661,704,1171,1451
2223,Q224,6,73,95,373,1510
2224,Q225,6,392,291,79,1536
2225,Q226,6,869,800,793,1598
2226,Q227,6,461,164,60,1450
2227,Q228,6,1117,925,1089,1493
2228,Q229,6,899,215,93,1594
2229,Q230,6,1018,113,382,1218
2230,Q231,6,419,973,84,1253
2231,Q232,6,546,268,369,1372
2232,Q233,6,632,543,781,1342
2233,Q234,6,239,1112,1123,1347
2234,Q235,6,1092,423,359,1323
2235,Q236,6,1132,532,1019,1447
2236,Q237,6,509,1064,688,1483
2237,Q238,6,595,1015,1189,1329
2238,Q239,6,866,1038,146,1396
2239,Q240,6,74,413,555,1589
2240,Q241,6,109,505,348,1322
2241,Q242,6,476,526,902,1321
2242,Q243,6,403,840,1084,1421
2243,Q244,6,367,207,240,1530
2244,Q245,6,27,1063,842,1327
2245,Q246,6,578,1090,1095,1229
2246,Q247,6,871,480,81,1482
2247,Q248,6,301,743,10,1516
2248,Q249,6,320,988,1036,1535
2249,Q250,6,926,1013,1017,1219
2250,Q251,6,1144,674,212,1234
2251,Q252,6,602,485,244,1385
2252,Q253,6,511,96,295,1496
2253,Q254,6,852,837,517,1269
2254,Q255,6,157,905,767,1499
2255,Q256,6,1120,759,377,1550
2256,Q257,6,545,824,272,1593
2257,Q258,6,299,447,136,1369
2258,Q259,6,1087,1126,77,1538
2259,Q260,6,1198,262,1146,1214
2260,Q261,6,657,171,706,1370
2261,Q262,6,194,357,954,1508
2262,Q263,6,1014,584,561,1297
2263,Q264,6,83,30,576,1469
2264,Q265,6,66,868,1125,1331
2265,Q266,6,750,978,570,1488
2266,Q267,6,300,1007,633,1474
2267,Q268,6,670,886,722,1314
2268,Q269,6,770,556,321,1296
2269,Q270,6,787,942,464,1408
2270,Q271,6,322,70,380,1338
2271,Q272,6,107,149,117,1571
2272,Q273,6,563,1168,247,1555
2273,Q274,6,802,1183,627,1247
2274,Q275,6,703,945,527,1215
2275,Q276,6,385,896,493,1442
2276,Q277,6,298,589,537,1586
2277,Q278,6,599,1129,462,1356
2278,Q279,6,89,696,1005,1406
2279,Q280,6,874,880,580,1462
2280,Q281,6,415,961,282,1202
2281,Q282,6,90,315,243,1232
2282,Q283,6,756,252,805,1582
2283,Q284,6,564,872,571,1360
2284,Q285,6,290,940,1169,1282
2285,Q286,6,947,1054,481,1243
2286,Q287,6,154,368,280,1286
2287,Q288,6,550,990,456,1392
2288,Q289,6,261,1154,99,1348
2289,Q290,6,196,263,592,1395
2290,Q291,6,889,100,287,1597
2291,Q292,6,665,969,796,1284
2292,Q293,6,390,1135,443,1487
2293,Q294,6,883,606,330,1484
2294,Q295,6,122,745,1051,1548
2295,Q296,6,728,884,1155,1425
2296,Q297,6,904,389,358,1354
2297,Q298,6,521,1150,738,1470
2298,Q299,6,651,435,859,1301
2299,Q300,6,37,764,1099,1458
2300,Q301,6,1105,356,916,1227
2301,Q302,6,1025,768,75,1287
2302,Q303,6,492,221,662,1531
2303,Q304,6,644,1178,372,1544
2304,Q305,6,140,620,1174,1441
2305,Q306,6,487,955,1002,1416
2306,Q307,6,229,822,51,1307
2307,Q308,6,220,786,1130,1222
2308,Q309,6,876,1026,1011,1547
2309,Q310,6,33,934,771,1353
2310,Q311,6,623,609,504,1315
2311,Q312,6,396,923,498,1316
2312,Q313,6,833,860,406,1317
2313,Q314,6,38,76,702,1258
2314,Q315,6,236,741,815,1560
2315,Q316,6,850,1113,214,1562
2316,Q317,6,201,933,144,1371
2317,Q318,6,772,342,176,1268
2318,Q319,6,984,170,495,1439
2319,Q320,6,1186,1134,544,1383
2320,Q321,6,839,87,582,1514
2321,Q322,6,374,664,137,1526
2322,Q323,6,634,152,1010,1565
2323,Q324,6,327,482,751,1262
2324,Q325,6,177,720,766,1333
2325,Q326,6,54,133,769,1420
2326,Q327,6,659,1137,183,1337
2327,Q328,6,581,836,892,1279
2328,Q329,6,436,503,147,1273
2329,Q330,6,1108,36,540,1238
2330,Q331,6,519,952,1119,1266
2331,Q332,6,1161,1142,1133,1592
2332,Q333,6,776,256,832,1456
2333,Q334,6,329,785,497,1246
2334,Q335,6,598,912,1122,1525
2335,Q336,6,43,514,740,1236
2336,Q337,6,341,276,974,1325
2337,Q338,6,350,1177,32,1485
2338,Q339,6,1193,102,71,1377
2339,Q340,6,49,351,828,1397
2340,Q341,6,375,57,710,1264
2341,Q342,6,270,809,405,1567
2342,Q343,6,684,325,1197,1277
2343,Q344,6,496,512,755,1581
2344,Q345,6,345,237,206,1438
2345,Q346,6,491,879,515,1468
2346,Q347,6,116,577,1165,1521
2347,Q348,6,1131,105,1190,1363
2348,Q349,6,931,948,887,1313
2349,Q350,6,1020,421,228,1344
2350,Q351,6,365,198,191,1569
2351,Q352,6,908,729,983,1480
2352,Q353,6,591,1127,1110,1542
2353,Q354,6,161,557,339,1343
2354,Q355,6,528,411,258,1527
2355,Q356,6,200,851,360,1319
2356,Q357,6,22,1045,103,1242
2357,Q358,6,590,616,698,1537
2358,Q359,6,900,695,788,1228
2359,Q360,6,1001,553,398,1294
2360,Q361,6,1058,1192,549,1583
2361,Q362,6,241,668,28,1380
2362,Q363,6,424,652,165,1223
2363,Q364,6,980,641,797,1239
2364,Q365,6,314,288,1003,1283
2365,Q366,6,1006,333,811,1299
2366,Q367,6,190,238,817,1430
2367,Q368,6,169,885,1074,1391
2368,Q369,6,234,891,225,1213
2369,Q370,6,812,407,331,1436
2370,Q371,6,981,245,304,1518
2371,Q372,6,453,48,307,1411
2372,Q373,6,31,126,397,1414
2373,Q374,6,1048,1153,429,1539
2374,Q375,6,636,991,1104,1398
2375,Q376,6,520,810,681,1278
2376,Q377,6,465,1044,1100,1454
2377,Q378,6,72,18,189,1591
2378,Q379,6,877,474,1067,1233
2379,Q380,6,525,730,1066,1572
2380,Q381,6,1188,114,110,1324
2381,Q382,6,579,1093,956,1375
2382,Q383,6,45,1008,466,1475
2383,Q384,6,782,1081,46,1534
2384,Q385,6,471,195,15,1579
2385,Q386,6,804,819,388,1520
2386,Q387,6,915,562,964,1374
2387,Q388,6,748,624,1055,1355
2388,Q389,6,821,1151,343,1309
2389,Q390,6,387,274,1159,1303
2390,Q391,6,192,475,548,1206
2391,Q392,6,986,936,14,1291
2392,Q393,6,313,794,924,1216
2393,Q394,6,939,1042,1138,1271
2394,Q395,6,806,363,928,1412
2395,Q396,6,510,173,111,1231
2396,Q397,6,597,1040,344,1389
2397,Q398,6,857,56,830,1241
2398,Q399,6,610,753,1073,1259
2399,Q400,6,2,217,761,1459
2400,Q1,7,523,451,12,1336
2401,Q2,7,534,962,1172,1510
2402,Q3,7,1115,1107,394,1526
2403,Q4,7,162,663,635,1210
2404,Q5,7,677,294,11,1276
2405,Q6,7,286,995,249,1473
2406,Q7,7,982,175,5,1496
2407,Q8,7,246,701,292,1556
2408,Q9,7,463,630,818,1495
2409,Q10,7,166,709,186,1531
2410,Q11,7,1069,337,1147,1572
2411,Q12,7,691,1065,478,1535
2412,Q13,7,86,560,601,1365
2413,Q14,7,687,619,1157,1414
2414,Q15,7,346,873,69,1423
2415,Q16,7,987,628,733,1346
2416,Q17,7,813,494,1136,1253
2417,Q18,7,757,1121,789,1381
2418,Q19,7,124,434,655,1439
2419,Q20,7,193,483,693,1262
2420,Q21,7,826,784,108,1482
2421,Q22,7,283,120,106,1269
2422,Q23,7,737,640,994,1319
2423,Q24,7,976,1070,660,1286
2424,Q25,7,1106,425,559,1490
2425,Q26,7,989,881,168,1599
2426,Q27,7,158,992,35,1382
2427,Q28,7,1182,690,897,1238
2428,Q29,7,213,848,1056,1468
2429,Q30,7,1034,167,444,1574
2430,Q31,7,58,765,312,1435
2431,Q32,7,1097,277,735,1274
2432,Q33,7,705,62,773,1438
2433,Q34,7,52,927,943,1396
2434,Q35,7,257,1184,803,1460
2435,Q36,7,1047,174,271,1395
2436,Q37,7,708,264,531,1588
2437,Q38,7,61,615,639,1200
2438,Q39,7,654,716,267,1296
2439,Q40,7,185,638,302,1568
2440,Q41,7,621,455,1078,1234
2441,Q42,7,386,707,566,1399
2442,Q43,7,1152,275,849,1524
2443,Q44,7,653,914,1035,1393
2444,Q45,7,29,569,518,1342
2445,Q46,7,279,679,159,1507
2446,Q47,7,338,148,680,1591
2447,Q48,7,697,507,400,1547
2448,Q49,7,92,44,870,1446
2449,Q50,7,324,199,587,1554
2450,Q51,7,593,907,614,1447
2451,Q52,7,260,445,913,1551
2452,Q53,7,970,473,998,1570
2453,Q54,7,736,1,792,1349
2454,Q55,7,427,1170,1111,1417
2455,Q56,7,284,827,502,1537
2456,Q57,7,1173,1199,645,1387
2457,Q58,7,420,831,328,1583
2458,Q59,7,349,1061,1057,1379
2459,Q60,7,1021,430,1163,1398
2460,Q61,7,808,946,675,1420
2461,Q62,7,854,568,656,1543
2462,Q63,7,1060,971,285,1264
2463,Q64,7,364,121,529,1384
2464,Q65,7,667,1164,682,1548
2465,Q66,7,467,717,678,1448
2466,Q67,7,586,205,951,1366
2467,Q68,7,820,1098,718,1259
2468,Q69,7,725,612,814,1350
2469,Q70,7,132,1179,91,1564
2470,Q71,7,712,39,142,1498
2471,Q72,7,996,441,347,1582
2472,Q73,7,412,235,573,1353
2473,Q74,7,533,317,565,1306
2474,Q75,7,856,188,672,1565
2475,Q76,7,600,791,354,1309
2476,Q77,7,231,1039,1176,1517
2477,Q78,7,273,178,541,1333
2478,Q79,7,336,536,516,1425
2479,Q80,7,254,1096,746,1585
2480,Q81,7,452,975,594,1392
2481,Q82,7,917,643,778,1359
2482,Q83,7,893,366,853,1316
2483,Q84,7,935,309,779,1544
2484,Q85,7,1072,1187,1149,1218
2485,Q86,7,732,141,799,1222
2486,Q87,7,115,721,1086,1227
2487,Q88,7,997,310,85,1443
2488,Q89,7,999,26,558,1368
2489,Q90,7,125,801,449,1561
2490,Q91,7,3,297,251,1516
2491,Q92,7,552,530,1016,1345
2492,Q93,7,583,97,953,1358
2493,Q94,7,138,362,454,1232
2494,Q95,7,1148,508,401,1311
2495,Q96,7,676,1023,1059,1263
2496,Q97,7,460,42,650,1455
2497,Q98,7,846,844,878,1522
2498,Q99,7,985,1158,47,1285
2499,Q100,7,1009,731,253,1504
2500,Q101,7,547,608,353,1391
2501,Q102,7,426,82,1175,1428
2502,Q103,7,65,901,1145,1207
2503,Q104,7,222,432,355,1410
2504,Q105,7,762,724,1156,1480
2505,Q106,7,922,1062,763,1362
2506,Q107,7,233,572,611,1332
2507,Q108,7,919,500,551,1502
2508,Q109,7,9,834,513,1230
2509,Q110,7,250,20,855,1236
2510,Q111,7,1180,858,479,1505
2511,Q112,7,669,163,671,1243
2512,Q113,7,829,607,1053,1586
2513,Q114,7,499,197,308,1215
2514,Q115,7,187,428,807,1567
2515,Q116,7,179,894,259,1418
2516,Q117,7,775,180,172,1242
2517,Q118,7,1043,950,472,1557
2518,Q119,7,484,862,911,1469
2519,Q120,7,378,0,265,1321
2520,Q121,7,843,88,431,1340
2521,Q122,7,422,209,40,1246
2522,Q123,7,448,384,311,1308
2523,Q124,7,1075,1160,864,1461
2524,Q125,7,53,618,1101,1445
2525,Q126,7,1195,963,700,1575
2526,Q127,7,949,416,128,1354
2527,Q128,7,490,131,1029,1552
2528,Q129,7,16,155,139,1367
2529,Q130,7,629,1088,1116,1592
2530,Q131,7,306,278,383,1508
2531,Q132,7,242,959,433,1580
2532,Q133,7,760,631,370,1348
2533,Q134,7,410,450,1167,1223
2534,Q135,7,972,1031,929,1256
2535,Q136,7,1194,1091,744,1251
2536,Q137,7,446,921,182,1432
2537,Q138,7,340,24,777,1374
2538,Q139,7,1041,686,1128,1466
2539,Q140,7,501,80,1032,1213
2540,Q141,7,399,1181,457,1589
2541,Q142,7,64,319,825,1201
2542,Q143,7,1162,25,554,1515
2543,Q144,7,112,119,1109,1273
2544,Q145,7,719,371,438,1550
2545,Q146,7,417,603,361,1356
2546,Q147,7,1166,224,909,1275
2547,Q148,7,742,202,134,1260
2548,Q149,7,960,1139,666,1426
2549,Q150,7,318,266,41,1538
2550,Q151,7,7,418,790,1419
2551,Q152,7,414,957,1000,1303
2552,Q153,7,129,1022,714,1305
2553,Q154,7,1050,780,966,1376
2554,Q155,7,938,944,208,1288
2555,Q156,7,323,816,19,1569
2556,Q157,7,94,863,204,1593
2557,Q158,7,458,289,726,1581
2558,Q159,7,1068,211,648,1363
2559,Q160,7,1185,1033,316,1204
2560,Q161,7,255,747,574,1416
2561,Q162,7,838,143,459,1450
2562,Q163,7,617,34,604,1594
2563,Q164,7,625,683,727,1546
2564,Q165,7,783,941,506,1307
2565,Q166,7,699,160,798,1579
2566,Q167,7,248,539,1004,1401
2567,Q168,7,123,588,1103,1370
2568,Q169,7,605,867,1196,1403
2569,Q170,7,979,575,888,1373
2570,Q171,7,203,910,281,1221
2571,Q172,7,1124,965,613,1202
2572,Q173,7,993,567,692,1313
2573,Q174,7,468,847,391,1369
2574,Q175,7,1143,723,713,1475
2575,Q176,7,622,55,752,1407
2576,Q177,7,130,845,1030,1216
2577,Q178,7,118,127,1140,1341
2578,Q179,7,98,4,216,1478
2579,Q180,7,685,958,1076,1337
2580,Q181,7,135,181,335,1484
2581,Q182,7,1085,150,395,1314
2582,Q183,7,898,442,305,1563
2583,Q184,7,841,408,219,1301
2584,Q185,7,232,637,101,1310
2585,Q186,7,626,835,1037,1459
2586,Q187,7,1191,489,8,1219
2587,Q188,7,334,522,673,1405
2588,Q189,7,439,488,890,1284
2589,Q190,7,151,689,585,1497
2590,Q191,7,649,1077,63,1327
2591,Q192,7,1082,13,977,1357
2592,Q193,7,145,711,486,1360
2593,Q194,7,68,920,393,1282
2594,Q195,7,17,694,409,1331
2595,Q196,7,1118,226,596,1258
2596,Q197,7,1102,404,1052,1293
2597,Q198,7,1028,376,930,1397
2598,Q199,7,1080,21,795,1289
2599,Q200,7,535,227,210,1442
2600,Q201,7,71,1040,582,1212
2601,Q202,7,1042,812,1130,1226
2602,Q203,7,905,28,748,1351
2603,Q204,7,126,851,381,1519
2604,Q205,7,103,1010,1193,1553
2605,Q206,7,505,1165,806,1406
2606,Q207,7,926,105,405,1471
2607,Q208,7,333,750,990,1470
2608,Q209,7,1168,840,670,1217
2609,Q210,7,576,1095,520,1244
2610,Q211,7,225,710,170,1304
2611,Q212,7,817,1038,980,1513
2612,Q213,7,497,140,961,1300
2613,Q214,7,392,830,313,1383
2614,Q215,7,885,852,788,1562
2615,Q216,7,1017,307,100,1318
2616,Q217,7,440,537,570,1404
2617,Q218,7,221,1150,1159,1388
2618,Q219,7,320,514,598,1277
2619,Q220,7,496,1063,1092,1295
2620,Q221,7,674,314,702,1590
2621,Q222,7,548,1186,866,1529
2622,Q223,7,133,597,1020,1211
2623,Q224,7,861,874,889,1489
2624,Q225,7,933,828,492,1267
2625,Q226,7,937,681,900,1434
2626,Q227,7,728,299,599,1324
2627,Q228,7,111,703,230,1380
2628,Q229,7,1006,348,934,1408
2629,Q230,7,228,832,183,1279
2630,Q231,7,662,84,229,1541
2631,Q232,7,684,75,584,1453
2632,Q233,7,96,37,592,1555
2633,Q234,7,781,519,526,1377
2634,Q235,7,184,67,15,1521
2635,Q236,7,469,511,1066,1323
2636,Q237,7,925,325,156,1245
2637,Q238,7,161,196,1192,1533
2638,Q239,7,2,194,899,1400
2639,Q240,7,344,550,1044,1437
2640,Q241,7,1132,954,1093,1499
2641,Q242,7,256,906,14,1378
2642,Q243,7,1015,1005,823,1542
2643,Q244,7,352,850,839,1506
2644,Q245,7,1171,1117,557,1281
2645,Q246,7,300,462,1046,1247
2646,Q247,7,274,485,549,1412
2647,Q248,7,704,83,1036,1229
2648,Q249,7,804,1064,493,1409
2649,Q250,7,579,342,578,1292
2650,Q251,7,303,796,924,1518
2651,Q252,7,595,419,1134,1299
2652,Q253,7,1058,1008,842,1514
2653,Q254,7,955,800,93,1598
2654,Q255,7,1131,695,356,1520
2655,Q256,7,90,1137,456,1270
2656,Q257,7,624,136,1146,1278
2657,Q258,7,1048,771,633,1527
2658,Q259,7,772,658,1090,1320
2659,Q260,7,1177,1105,590,1523
2660,Q261,7,465,424,939,1474
2661,Q262,7,322,766,785,1441
2662,Q263,7,223,107,238,1271
2663,Q264,7,343,198,243,1427
2664,Q265,7,487,758,398,1500
2665,Q266,7,580,871,382,1559
2666,Q267,7,860,351,403,1371
2667,Q268,7,435,794,76,1578
2668,Q269,7,339,857,79,1449
2669,Q270,7,359,793,912,1255
2670,Q271,7,387,1112,190,1452
2671,Q272,7,581,749,23,1560
2672,Q273,7,884,447,659,1464
2673,Q274,7,237,372,218,1315
2674,Q275,7,413,1151,967,1338
2675,Q276,7,1108,1025,375,1415
2676,Q277,7,51,33,214,1334
2677,Q278,7,880,402,1135,1577
2678,Q279,7,1099,822,380,1272
2679,Q280,7,969,1074,544,1494
2680,Q281,7,389,1045,512,1287
2681,Q282,7,295,385,157,1566
2682,Q283,7,345,189,1014,1235
2683,Q284,7,268,1122,74,1436
2684,Q285,7,1169,968,525,1492
2685,Q286,7,245,896,589,1329
2686,Q287,7,471,915,903,1205
2687,Q288,7,72,546,652,1444
2688,Q289,7,326,1142,564,1257
2689,Q290,7,73,152,973,1214
2690,Q291,7,602,542,988,1411
2691,Q292,7,553,986,651,1402
2692,Q293,7,504,330,220,1386
2693,Q294,7,730,1067,1144,1486
2694,Q295,7,698,983,904,1312
2695,Q296,7,1190,974,113,1472
2696,Q297,7,538,407,164,1280
2697,Q298,7,207,77,647,1266
2698,Q299,7,215,1129,1104,1203
2699,Q300,7,769,764,263,1248
2700,Q301,7,877,1094,515,1254
2701,Q302,7,165,192,776,1503
2702,Q303,7,636,234,466,1389
2703,Q304,7,406,481,46,1532
2704,Q305,7,1081,81,1114,1394
2705,Q306,7,397,952,738,1339
2706,Q307,7,1054,1141,365,1540
2707,Q308,7,824,1183,837,1596
2708,Q309,7,374,153,886,1252
2709,Q310,7,706,70,491,1302
2710,Q311,7,369,169,54,1352
2711,Q312,7,1174,461,556,1328
2712,Q313,7,1011,956,363,1298
2713,Q314,7,1027,1012,149,1597
2714,Q315,7,421,1055,1125,1224
2715,Q316,7,774,786,751,1525
2716,Q317,7,743,991,261,1343
2717,Q318,7,1049,616,1113,1249
2718,Q319,7,931,964,49,1491
2719,Q320,7,610,453,875,1477
2720,Q321,7,642,368,646,1430
2721,Q322,7,1089,524,144,1536
2722,Q323,7,32,787,357,1290
2723,Q324,7,287,876,332,1485
2724,Q325,7,1189,942,759,1322
2725,Q326,7,122,110,805,1317
2726,Q327,7,315,947,797,1483
2727,Q328,7,436,503,869,1530
2728,Q329,7,89,280,563,1467
2729,Q330,7,38,437,177,1294
2730,Q331,7,1197,1126,1018,1571
2731,Q332,7,1013,811,464,1440
2732,Q333,7,561,1110,720,1576
2733,Q334,7,200,981,540,1283
2734,Q335,7,146,95,239,1237
2735,Q336,7,928,916,887,1422
2736,Q337,7,247,66,908,1488
2737,Q338,7,634,429,379,1433
2738,Q339,7,782,87,377,1573
2739,Q340,7,1084,1119,895,1364
2740,Q341,7,1138,715,606,1465
2741,Q342,7,117,872,527,1558
2742,Q343,7,1026,475,810,1265
2743,Q344,7,815,879,755,1424
2744,Q345,7,1019,517,282,1429
2745,Q346,7,1178,102,415,1390
2746,Q347,7,241,10,918,1325
2747,Q348,7,509,741,244,1297
2748,Q349,7,48,114,358,1421
2749,Q350,7,1003,836,171,1326
2750,Q351,7,195,756,521,1208
2751,Q352,7,745,396,27,1335
2752,Q353,7,50,1188,206,1456
2753,Q354,7,57,571,940,1225
2754,Q355,7,1127,657,1002,1355
2755,Q356,7,331,482,298,1220
2756,Q357,7,176,767,270,1539
2757,Q358,7,545,543,443,1231
2758,Q359,7,1155,740,373,1291
2759,Q360,7,562,43,865,1239
2760,Q361,7,1079,390,1153,1511
2761,Q362,7,474,623,477,1375
2762,Q363,7,1120,923,1024,1330
2763,Q364,7,809,722,293,1584
2764,Q365,7,329,802,739,1385
2765,Q366,7,577,22,1087,1528
2766,Q367,7,892,301,696,1240
2767,Q368,7,1154,304,891,1228
2768,Q369,7,252,821,620,1534
2769,Q370,7,367,1071,978,1413
2770,Q371,7,833,258,147,1457
2771,Q372,7,290,116,1123,1458
2772,Q373,7,59,291,1007,1451
2773,Q374,7,882,883,948,1487
2774,Q375,7,350,770,902,1344
2775,Q376,7,78,173,984,1209
2776,Q377,7,1001,360,276,1241
2777,Q378,7,476,819,498,1509
2778,Q379,7,945,56,480,1431
2779,Q380,7,6,1198,104,1462
2780,Q381,7,327,609,754,1454
2781,Q382,7,859,495,217,1206
2782,Q383,7,936,641,288,1493
2783,Q384,7,321,240,1133,1463
2784,Q385,7,1100,632,31,1233
2785,Q386,7,137,201,661,1549
2786,Q387,7,627,1073,45,1512
2787,Q388,7,510,191,99,1268
2788,Q389,7,212,154,532,1361
2789,Q390,7,470,262,932,1476
2790,Q391,7,768,1051,644,1261
2791,Q392,7,272,109,1161,1501
2792,Q393,7,18,868,528,1481
2793,Q394,7,688,591,411,1595
2794,Q395,7,341,729,1083,1347
2795,Q396,7,60,734,269,1250
2796,Q397,7,665,664,236,1587
2797,Q398,7,423,296,555,1545
2798,Q399,7,668,30,36,1479
2799,Q400,7,388,753,761,1372
2800,Q1,8,142,420,5,1395
2801,Q2,8,708,210,501,1337
2802,Q3,8,672,949,941,1267
2803,Q4,8,560,847,53,1216
2804,Q5,8,935,938,1061,1203
2805,Q6,8,1116,1172,913,1519
2806,Q7,8,693,248,41,1403
2807,Q8,8,489,1140,950,1299
2808,Q9,8,531,202,848,1387
2809,Q10,8,400,253,294,1485
2810,Q11,8,1029,605,16,1511
2811,Q12,8,712,1021,337,1275
2812,Q13,8,336,829,1,1265
2813,Q14,8,721,222,1062,1237
2814,Q15,8,454,622,699,1214
2815,Q16,8,587,994,966,1322
2816,Q17,8,1091,962,308,1226
2817,Q18,8,271,12,310,1544
2818,Q19,8,568,181,894,1225
2819,Q20,8,450,588,791,1318
2820,Q21,8,960,452,488,1475
2821,Q22,8,898,1157,827,1209
2822,Q23,8,927,600,867,1333
2823,Q24,8,727,911,21,1522
2824,Q25,8,166,1107,1080,1306
2825,Q26,8,284,586,835,1200
2826,Q27,8,249,944,187,1561
2827,Q28,8,621,516,1009,1280
2828,Q29,8,1196,459,558,1449
2829,Q30,8,441,849,52,1240
2830,Q31,8,1103,601,1164,1390
2831,Q32,8,930,1102,626,1321
2832,Q33,8,1098,737,844,1493
2833,Q34,8,1056,422,285,1458
2834,Q35,8,522,151,1143,1432
2835,Q36,8,735,174,483,1319
2836,Q37,8,19,1199,922,1521
2837,Q38,8,460,127,1163,1268
2838,Q39,8,120,643,349,1435
2839,Q40,8,678,1053,845,1291
2840,Q41,8,302,277,640,1553
2841,Q42,8,726,723,138,1296
2842,Q43,8,765,1184,807,1231
2843,Q44,8,494,863,44,1257
2844,Q45,8,17,645,660,1261
2845,Q46,8,1082,484,691,1354
2846,Q47,8,1037,4,795,1228
2847,Q48,8,442,1052,324,1431
2848,Q49,8,472,612,427,1340
2849,Q50,8,985,565,909,1363
2850,Q51,8,856,150,572,1292
2851,Q52,8,306,134,569,1213
2852,Q53,8,1128,434,250,1492
2853,Q54,8,85,24,88,1426
2854,Q55,8,1030,1176,573,1328
2855,Q56,8,1191,1078,1086,1572
2856,Q57,8,992,893,260,1270
2857,Q58,8,179,854,613,1454
2858,Q59,8,362,323,370,1312
2859,Q60,8,997,58,637,1512
2860,Q61,8,943,1075,410,1285
2861,Q62,8,399,463,145,1447
2862,Q63,8,401,172,1136,1348
2863,Q64,8,714,3,1179,1456
2864,Q65,8,305,347,1147,1210
2865,Q66,8,1096,1057,789,1326
2866,Q67,8,416,1000,1149,1258
2867,Q68,8,536,129,679,1556
2868,Q69,8,281,1050,97,1381
2869,Q70,8,160,689,901,1309
2870,Q71,8,1139,235,213,1465
2871,Q72,8,139,686,20,1274
2872,Q73,8,1145,552,132,1250
2873,Q74,8,311,683,608,1482
2874,Q75,8,629,319,63,1378
2875,Q76,8,383,1076,803,1547
2876,Q77,8,534,26,395,1438
2877,Q78,8,1043,625,910,1245
2878,Q79,8,907,68,650,1469
2879,Q80,8,777,391,499,1398
2880,Q81,8,701,286,834,1494
2881,Q82,8,677,444,585,1254
2882,Q83,8,583,264,125,1441
2883,Q84,8,334,995,1167,1290
2884,Q85,8,843,1194,366,1520
2885,Q86,8,8,155,920,1565
2886,Q87,8,29,1111,792,1421
2887,Q88,8,490,1059,989,1473
2888,Q89,8,816,1158,529,1462
2889,Q90,8,971,507,297,1484
2890,Q91,8,227,1047,309,1211
2891,Q92,8,685,108,317,1244
2892,Q93,8,143,655,64,1365
2893,Q94,8,275,278,1033,1499
2894,Q95,8,1187,255,535,1474
2895,Q96,8,575,676,855,1288
2896,Q97,8,596,814,547,1281
2897,Q98,8,783,841,266,1436
2898,Q99,8,551,999,959,1564
2899,Q100,8,254,118,566,1347
2900,Q101,8,11,1156,709,1577
2901,Q102,8,393,1162,779,1302
2902,Q103,8,731,987,473,1461
2903,Q104,8,736,539,773,1531
2904,Q105,8,917,384,246,1527
2905,Q106,8,265,784,831,1344
2906,Q107,8,289,996,204,1364
2907,Q108,8,91,663,199,1287
2908,Q109,8,523,778,13,1582
2909,Q110,8,870,119,128,1479
2910,Q111,8,567,975,946,1506
2911,Q112,8,445,428,1195,1202
2912,Q113,8,687,353,690,1289
2913,Q114,8,669,1175,742,1590
2914,Q115,8,82,279,1160,1357
2915,Q116,8,846,414,354,1515
2916,Q117,8,890,972,47,1543
2917,Q118,8,631,559,635,1227
2918,Q119,8,820,233,185,1338
2919,Q120,8,121,364,412,1368
2920,Q121,8,112,1060,897,1208
2921,Q122,8,671,115,656,1418
2922,Q123,8,813,1004,1101,1464
2923,Q124,8,55,124,1068,1425
2924,Q125,8,554,158,439,1251
2925,Q126,8,94,197,1065,1463
2926,Q127,8,653,638,451,1323
2927,Q128,8,135,953,1118,1286
2928,Q129,8,998,273,790,1404
2929,Q130,8,394,760,965,1545
2930,Q131,8,826,232,533,1401
2931,Q132,8,106,666,205,1419
2932,Q133,8,958,455,1115,1490
2933,Q134,8,594,1109,163,1339
2934,Q135,8,34,881,508,1423
2935,Q136,8,376,1039,888,1315
2936,Q137,8,654,617,667,1256
2937,Q138,8,226,1166,763,1433
2938,Q139,8,0,328,873,1591
2939,Q140,8,1152,1185,713,1294
2940,Q141,8,1173,1170,193,1539
2941,Q142,8,1182,530,963,1502
2942,Q143,8,418,611,312,1349
2943,Q144,8,618,1032,417,1300
2944,Q145,8,123,648,65,1383
2945,Q146,8,486,603,692,1598
2946,Q147,8,979,162,808,1269
2947,Q148,8,673,175,801,1397
2948,Q149,8,211,694,1180,1525
2949,Q150,8,716,929,449,1255
2950,Q151,8,340,148,1031,1400
2951,Q152,8,825,131,798,1486
2952,Q153,8,431,518,130,1467
2953,Q154,8,479,682,921,1276
2954,Q155,8,680,1124,432,1579
2955,Q156,8,39,42,1041,1392
2956,Q157,8,316,386,62,1442
2957,Q158,8,1088,355,970,1446
2958,Q159,8,80,878,408,1428
2959,Q160,8,216,500,1106,1391
2960,Q161,8,188,951,438,1350
2961,Q162,8,732,719,209,1439
2962,Q163,8,338,458,371,1443
2963,Q164,8,757,724,725,1389
2964,Q165,8,799,818,718,1576
2965,Q166,8,159,717,141,1526
2966,Q167,8,180,744,977,1540
2967,Q168,8,168,853,1077,1440
2968,Q169,8,182,858,593,1218
2969,Q170,8,92,1035,203,1379
2970,Q171,8,25,361,257,1595
2971,Q172,8,468,707,675,1548
2972,Q173,8,7,86,448,1343
2973,Q174,8,1070,502,425,1570
2974,Q175,8,541,1085,167,1427
2975,Q176,8,335,467,639,1298
2976,Q177,8,700,457,1181,1568
2977,Q178,8,242,630,231,1342
2978,Q179,8,186,1072,378,1336
2979,Q180,8,1016,9,318,1310
2980,Q181,8,604,430,1022,1541
2981,Q182,8,697,208,976,1260
2982,Q183,8,292,615,404,1335
2983,Q184,8,346,614,780,1232
2984,Q185,8,747,607,513,1273
2985,Q186,8,1034,219,1121,1382
2986,Q187,8,1097,446,35,1460
2987,Q188,8,267,705,914,1284
2988,Q189,8,919,61,864,1362
2989,Q190,8,1148,259,862,1574
2990,Q191,8,426,1069,733,1399
2991,Q192,8,628,993,40,1201
2992,Q193,8,775,478,574,1204
2993,Q194,8,251,283,838,1384
2994,Q195,8,982,762,69,1411
2995,Q196,8,1023,409,649,1375
2996,Q197,8,746,224,506,1524
2997,Q198,8,98,752,1028,1235
2998,Q199,8,619,178,957,1588
2999,Q200,8,711,101,433,1592
3000,Q201,8,916,1193,1130,1477
3001,Q202,8,1177,189,1113,1523
3002,Q203,8,644,739,758,1412
3003,Q204,8,171,380,405,1416
3004,Q205,8,511,54,290,1455
3005,Q206,8,561,860,546,1542
3006,Q207,8,1006,196,942,1396
3007,Q208,8,423,772,1089,1450
3008,Q209,8,755,1155,274,1327
3009,Q210,8,1198,1168,1095,1481
3010,Q211,8,1132,327,495,1589
3011,Q212,8,1020,487,1015,1393
3012,Q213,8,702,720,774,1571
3013,Q214,8,23,1079,73,1266
3014,Q215,8,722,367,564,1356
3015,Q216,8,978,1094,610,1444
3016,Q217,8,861,238,688,1509
3017,Q218,8,389,1067,411,1247
3018,Q219,8,599,538,1197,1422
3019,Q220,8,493,1142,743,1230
3020,Q221,8,379,580,659,1518
3021,Q222,8,884,1066,748,1313
3022,Q223,8,850,1087,474,1386
3023,Q224,8,657,375,796,1583
3024,Q225,8,548,496,268,1373
3025,Q226,8,1063,1183,153,1504
3026,Q227,8,357,652,842,1221
3027,Q228,8,51,398,342,1430
3028,Q229,8,710,592,113,1277
3029,Q230,8,198,1025,1058,1498
3030,Q231,8,1046,57,980,1248
3031,Q232,8,440,602,104,1413
3032,Q233,8,991,330,912,1212
3033,Q234,8,868,741,170,1580
3034,Q235,8,812,571,1120,1417
3035,Q236,8,96,475,261,1352
3036,Q237,8,851,1040,933,1220
3037,Q238,8,117,396,646,1301
3038,Q239,8,833,887,295,1295
3039,Q240,8,584,766,769,1516
3040,Q241,8,397,48,230,1530
3041,Q242,8,301,303,866,1537
3042,Q243,8,282,563,76,1330
3043,Q244,8,157,258,100,1410
3044,Q245,8,1008,879,315,1581
3045,Q246,8,471,504,889,1593
3046,Q247,8,821,830,1042,1405
3047,Q248,8,67,806,83,1437
3048,Q249,8,936,156,485,1372
3049,Q250,8,183,695,243,1500
3050,Q251,8,662,456,915,1345
3051,Q252,8,598,785,684,1491
3052,Q253,8,237,497,1137,1480
3053,Q254,8,1114,1055,245,1536
3054,Q255,8,345,782,984,1457
3055,Q256,8,1038,696,624,1308
3056,Q257,8,937,786,351,1466
3057,Q258,8,381,990,1001,1585
3058,Q259,8,95,1188,1135,1314
3059,Q260,8,880,981,71,1329
3060,Q261,8,105,582,2,1578
3061,Q262,8,368,961,947,1376
3062,Q263,8,544,329,964,1505
3063,Q264,8,373,670,22,1497
3064,Q265,8,620,402,902,1557
3065,Q266,8,1012,1019,256,1264
3066,Q267,8,577,859,200,1597
3067,Q268,8,491,184,519,1219
3068,Q269,8,1100,1064,1171,1402
3069,Q270,8,59,192,287,1207
3070,Q271,8,206,934,715,1241
3071,Q272,8,874,247,589,1377
3072,Q273,8,1112,369,945,1510
3073,Q274,8,1045,698,908,1534
3074,Q275,8,579,66,661,1263
3075,Q276,8,469,392,948,1448
3076,Q277,8,137,885,967,1307
3077,Q278,8,1024,374,517,1408
3078,Q279,8,776,239,1054,1253
3079,Q280,8,1018,477,429,1414
3080,Q281,8,1119,377,326,1239
3081,Q282,8,252,526,154,1304
3082,Q283,8,1129,704,1005,1367
3083,Q284,8,403,809,348,1562
3084,Q285,8,144,1036,110,1569
3085,Q286,8,149,333,1017,1374
3086,Q287,8,314,263,932,1380
3087,Q288,8,749,234,30,1224
3088,Q289,8,869,1003,1099,1346
3089,Q290,8,836,905,1108,1586
3090,Q291,8,1049,543,190,1279
3091,Q292,8,591,925,1081,1507
3092,Q293,8,436,84,896,1551
3093,Q294,8,810,986,550,1535
3094,Q295,8,464,973,89,1470
3095,Q296,8,492,221,703,1293
3096,Q297,8,570,1092,344,1223
3097,Q298,8,136,665,633,1370
3098,Q299,8,56,38,759,1271
3099,Q300,8,1127,70,606,1554
3100,Q301,8,1014,505,331,1217
3101,Q302,8,215,956,33,1429
3102,Q303,8,805,595,307,1451
3103,Q304,8,10,75,45,1215
3104,Q305,8,466,1150,728,1563
3105,Q306,8,764,352,81,1495
3106,Q307,8,60,476,482,1508
3107,Q308,8,651,1153,218,1483
3108,Q309,8,1126,152,453,1259
3109,Q310,8,578,939,787,1599
3110,Q311,8,165,729,37,1283
3111,Q312,8,146,1026,1146,1532
3112,Q313,8,169,262,886,1206
3113,Q314,8,609,46,840,1282
3114,Q315,8,359,470,906,1533
3115,Q316,8,928,1178,556,1560
3116,Q317,8,730,313,549,1388
3117,Q318,8,918,388,1071,1303
3118,Q319,8,540,161,839,1358
3119,Q320,8,954,229,27,1272
3120,Q321,8,1190,320,794,1341
3121,Q322,8,49,288,931,1360
3122,Q323,8,926,924,214,1262
3123,Q324,8,407,1044,122,1371
3124,Q325,8,1013,521,1154,1471
3125,Q326,8,553,147,815,1334
3126,Q327,8,1144,443,681,1573
3127,Q328,8,173,240,524,1305
3128,Q329,8,1125,754,350,1353
3129,Q330,8,581,525,542,1558
3130,Q331,8,528,1159,447,1236
3131,Q332,8,903,79,872,1242
3132,Q333,8,883,1174,623,1361
3133,Q334,8,298,576,832,1488
3134,Q335,8,387,212,225,1424
3135,Q336,8,1161,360,804,1550
3136,Q337,8,280,852,103,1229
3137,Q338,8,18,895,382,1587
3138,Q339,8,220,107,761,1351
3139,Q340,8,770,291,241,1496
3140,Q341,8,276,1084,828,1278
3141,Q342,8,781,498,738,1489
3142,Q343,8,28,768,332,1394
3143,Q344,8,647,562,14,1325
3144,Q345,8,877,1122,293,1445
3145,Q346,8,674,116,745,1517
3146,Q347,8,413,114,111,1453
3147,Q348,8,974,597,300,1222
3148,Q349,8,415,1027,322,1316
3149,Q350,8,1083,31,706,1409
3150,Q351,8,43,1117,194,1487
3151,Q352,8,365,627,462,1234
3152,Q353,8,515,356,1169,1584
3153,Q354,8,892,272,590,1366
3154,Q355,8,437,557,390,1331
3155,Q356,8,1192,616,658,1407
3156,Q357,8,1010,527,1134,1243
3157,Q358,8,1051,421,891,1246
3158,Q359,8,102,788,32,1317
3159,Q360,8,1104,99,817,1297
3160,Q361,8,871,424,955,1415
3161,Q362,8,1110,93,512,1459
3162,Q363,8,90,514,1123,1513
3163,Q364,8,751,419,465,1238
3164,Q365,8,876,269,1011,1332
3165,Q366,8,481,176,1141,1452
3166,Q367,8,899,195,753,1369
3167,Q368,8,668,236,865,1205
3168,Q369,8,50,228,109,1311
3169,Q370,8,1189,164,1165,1472
3170,Q371,8,480,244,503,1420
3171,Q372,8,532,341,800,1355
3172,Q373,8,1133,837,767,1501
3173,Q374,8,201,634,734,1549
3174,Q375,8,824,968,87,1468
3175,Q376,8,223,969,325,1528
3176,Q377,8,321,952,1131,1359
3177,Q378,8,343,435,1048,1546
3178,Q379,8,882,1105,126,1567
3179,Q380,8,510,72,207,1233
3180,Q381,8,270,1073,1151,1385
3181,Q382,8,664,1074,983,1320
3182,Q383,8,823,15,822,1514
3183,Q384,8,509,461,988,1555
3184,Q385,8,363,940,1002,1559
3185,Q386,8,520,406,1093,1552
3186,Q387,8,740,632,304,1503
3187,Q388,8,857,1090,358,1252
3188,Q389,8,74,793,133,1594
3189,Q390,8,875,36,756,1434
3190,Q391,8,537,191,545,1478
3191,Q392,8,217,299,641,1575
3192,Q393,8,77,1007,750,1249
3193,Q394,8,904,339,140,1476
3194,Q395,8,177,1138,819,1538
3195,Q396,8,771,385,900,1596
3196,Q397,8,78,555,642,1324
3197,Q398,8,372,6,811,1406
3198,Q399,8,636,802,923,1566
3199,Q400,8,1186,296,797,1529
