idx,Question_no,Set_no,Weak_checked,Strong_checked,Weakest,Strongest
0,Q1,1,0,0,9999,9999
1,Q2,1,0,0,9999,9999
2,Q3,1,0,0,9999,9999
3,Q4,1,0,0,9999,9999
4,Q5,1,0,0,9999,9999
5,Q6,1,0,0,9999,9999
6,Q7,1,0,0,9999,9999
7,Q8,1,0,0,9999,9999
8,Q9,1,0,0,9999,9999
9,Q10,1,0,0,9999,9999
10,Q11,1,0,0,9999,9999
11,Q12,1,0,0,9999,9999
12,Q13,1,0,0,9999,9999
13,Q14,1,0,0,9999,9999
14,Q15,1,0,0,9999,9999
15,Q16,1,0,0,9999,9999
16,Q17,1,0,0,9999,9999
17,Q18,1,0,0,9999,9999
18,Q19,1,0,0,9999,9999
19,Q20,1,0,0,9999,9999
20,Q21,1,0,0,9999,9999
21,Q22,1,0,0,9999,9999
22,Q23,1,0,0,9999,9999
23,Q24,1,0,0,9999,9999
24,Q25,1,0,0,9999,9999
25,Q26,1,0,0,9999,9999
26,Q27,1,0,0,9999,9999
27,Q28,1,0,0,9999,9999
28,Q29,1,0,0,9999,9999
29,Q30,1,0,0,9999,9999
30,Q31,1,0,0,9999,9999
31,Q32,1,0,0,9999,9999
32,Q33,1,0,0,9999,9999
33,Q34,1,0,0,9999,9999
34,Q35,1,0,0,9999,9999
35,Q36,1,0,0,9999,9999
36,Q37,1,0,0,9999,9999
37,Q38,1,0,0,9999,9999
38,Q39,1,0,0,9999,9999
39,Q40,1,0,0,9999,9999
40,Q41,1,0,0,9999,9999
41,Q42,1,0,0,9999,9999
42,Q43,1,0,0,9999,9999
43,Q44,1,0,0,9999,9999
44,Q45,1,0,0,9999,9999
45,Q46,1,0,0,9999,9999
46,Q47,1,0,0,9999,9999
47,Q48,1,0,0,9999,9999
48,Q49,1,0,0,9999,9999
49,Q50,1,0,0,9999,9999
50,Q51,1,0,0,9999,9999
51,Q52,1,0,0,9999,9999
52,Q53,1,0,0,9999,9999
53,Q54,1,0,0,9999,9999
54,Q55,1,0,0,9999,9999
55,Q56,1,0,0,9999,9999
56,Q57,1,0,0,9999,9999
57,Q58,1,0,0,9999,9999
58,Q59,1,0,0,9999,9999
59,Q60,1,0,0,9999,9999
60,Q61,1,0,0,9999,9999
61,Q62,1,0,0,9999,9999
62,Q63,1,0,0,9999,9999
63,Q64,1,0,0,9999,9999
64,Q65,1,0,0,9999,9999
65,Q66,1,0,0,9999,9999
66,Q67,1,0,0,9999,9999
67,Q68,1,0,0,9999,9999
68,Q69,1,0,0,9999,9999
69,Q70,1,0,0,9999,9999
70,Q71,1,0,0,9999,9999
71,Q72,1,0,0,9999,9999
72,Q73,1,0,0,9999,9999
73,Q74,1,0,0,9999,9999
74,Q75,1,0,0,9999,9999
75,Q76,1,0,0,9999,9999
76,Q77,1,0,0,9999,9999
77,Q78,1,0,0,9999,9999
78,Q79,1,0,0,9999,9999
79,Q80,1,0,0,9999,9999
80,Q81,1,0,0,9999,9999
81,Q82,1,0,0,9999,9999
82,Q83,1,0,0,9999,9999
83,Q84,1,0,0,9999,9999
84,Q85,1,0,0,9999,9999
85,Q86,1,0,0,9999,9999
86,Q87,1,0,0,9999,9999
87,Q88,1,0,0,9999,9999
88,Q89,1,0,0,9999,9999
89,Q90,1,0,0,9999,9999
90,Q91,1,0,0,9999,9999
91,Q92,1,0,0,9999,9999
92,Q93,1,0,0,9999,9999
93,Q94,1,0,0,9999,9999
94,Q95,1,0,0,9999,9999
95,Q96,1,0,0,9999,9999
96,Q97,1,0,0,9999,9999
97,Q98,1,0,0,9999,9999
98,Q99,1,0,0,9999,9999
99,Q100,1,0,0,9999,9999
100,Q101,1,0,0,9999,9999
101,Q102,1,0,0,9999,9999
102,Q103,1,0,0,9999,9999
103,Q104,1,0,0,9999,9999
104,Q105,1,0,0,9999,9999
105,Q106,1,0,0,9999,9999
106,Q107,1,0,0,9999,9999
107,Q108,1,0,0,9999,9999
108,Q109,1,0,0,9999,9999
109,Q110,1,0,0,9999,9999
110,Q111,1,0,0,9999,9999
111,Q112,1,0,0,9999,9999
112,Q113,1,0,0,9999,9999
113,Q114,1,0,0,9999,9999
114,Q115,1,0,0,9999,9999
115,Q116,1,0,0,9999,9999
116,Q117,1,0,0,9999,9999
117,Q118,1,0,0,9999,9999
118,Q119,1,0,0,9999,9999
119,Q120,1,0,0,9999,9999
120,Q121,1,0,0,9999,9999
121,Q122,1,0,0,9999,9999
122,Q123,1,0,0,9999,9999
123,Q124,1,0,0,9999,9999
124,Q125,1,0,0,9999,9999
125,Q126,1,0,0,9999,9999
126,Q127,1,0,0,9999,9999
127,Q128,1,0,0,9999,9999
128,Q129,1,0,0,9999,9999
129,Q130,1,0,0,9999,9999
130,Q131,1,0,0,9999,9999
131,Q132,1,0,0,9999,9999
132,Q133,1,0,0,9999,9999
133,Q134,1,0,0,9999,9999
134,Q135,1,0,0,9999,9999
135,Q136,1,0,0,9999,9999
136,Q137,1,0,0,9999,9999
137,Q138,1,0,0,9999,9999
138,Q139,1,0,0,9999,9999
139,Q140,1,0,0,9999,9999
140,Q141,1,0,0,9999,9999
141,Q142,1,0,0,9999,9999
142,Q143,1,0,0,9999,9999
143,Q144,1,0,0,9999,9999
144,Q145,1,0,0,9999,9999
145,Q146,1,0,0,9999,9999
146,Q147,1,0,0,9999,9999
147,Q148,1,0,0,9999,9999
148,Q149,1,0,0,9999,9999
149,Q150,1,0,0,9999,9999
150,Q151,1,0,0,9999,9999
151,Q152,1,0,0,9999,9999
152,Q153,1,0,0,9999,9999
153,Q154,1,0,0,9999,9999
154,Q155,1,0,0,9999,9999
155,Q156,1,0,0,9999,9999
156,Q157,1,0,0,9999,9999
157,Q158,1,0,0,9999,9999
158,Q159,1,0,0,9999,9999
159,Q160,1,0,0,9999,9999
160,Q161,1,0,0,9999,9999
161,Q162,1,0,0,9999,9999
162,Q163,1,0,0,9999,9999
163,Q164,1,0,0,9999,9999
164,Q165,1,0,0,9999,9999
165,Q166,1,0,0,9999,9999
166,Q167,1,0,0,9999,9999
167,Q168,1,0,0,9999,9999
168,Q169,1,0,0,9999,9999
169,Q170,1,0,0,9999,9999
170,Q171,1,0,0,9999,9999
171,Q172,1,0,0,9999,9999
172,Q173,1,0,0,9999,9999
173,Q174,1,0,0,9999,9999
174,Q175,1,0,0,9999,9999
175,Q176,1,0,0,9999,9999
176,Q177,1,0,0,9999,9999
177,Q178,1,0,0,9999,9999
178,Q179,1,0,0,9999,9999
179,Q180,1,0,0,9999,9999
180,Q181,1,0,0,9999,9999
181,Q182,1,0,0,9999,9999
182,Q183,1,0,0,9999,9999
183,Q184,1,0,0,9999,9999
184,Q185,1,0,0,9999,9999
185,Q186,1,0,0,9999,9999
186,Q187,1,0,0,9999,9999
187,Q188,1,0,0,9999,9999
188,Q189,1,0,0,9999,9999
189,Q190,1,0,0,9999,9999
190,Q191,1,0,0,9999,9999
191,Q192,1,0,0,9999,9999
192,Q193,1,0,0,9999,9999
193,Q194,1,0,0,9999,9999
194,Q195,1,0,0,9999,9999
195,Q196,1,0,0,9999,9999
196,Q197,1,0,0,9999,9999
197,Q198,1,0,0,9999,9999
198,Q199,1,0,0,9999,9999
199,Q200,1,0,0,9999,9999
200,Q201,1,0,0,9999,9999
201,Q202,1,0,0,9999,9999
202,Q203,1,0,0,9999,9999
203,Q204,1,0,0,9999,9999
204,Q205,1,0,0,9999,9999
205,Q206,1,0,0,9999,9999
206,Q207,1,0,0,9999,9999
207,Q208,1,0,0,9999,9999
208,Q209,1,0,0,9999,9999
209,Q210,1,0,0,9999,9999
210,Q211,1,0,0,9999,9999
211,Q212,1,0,0,9999,9999
212,Q213,1,0,0,9999,9999
213,Q214,1,0,0,9999,9999
214,Q215,1,0,0,9999,9999
215,Q216,1,0,0,9999,9999
216,Q217,1,0,0,9999,9999
217,Q218,1,0,0,9999,9999
218,Q219,1,0,0,9999,9999
219,Q220,1,0,0,9999,9999
220,Q221,1,0,0,9999,9999
221,Q222,1,0,0,9999,9999
222,Q223,1,0,0,9999,9999
223,Q224,1,0,0,9999,9999
224,Q225,1,0,0,9999,9999
225,Q226,1,0,0,9999,9999
226,Q227,1,0,0,9999,9999
227,Q228,1,0,0,9999,9999
228,Q229,1,0,0,9999,9999
229,Q230,1,0,0,9999,9999
230,Q231,1,0,0,9999,9999
231,Q232,1,0,0,9999,9999
232,Q233,1,0,0,9999,9999
233,Q234,1,0,0,9999,9999
234,Q235,1,0,0,9999,9999
235,Q236,1,0,0,9999,9999
236,Q237,1,0,0,9999,9999
237,Q238,1,0,0,9999,9999
238,Q239,1,0,0,9999,9999
239,Q240,1,0,0,9999,9999
240,Q241,1,0,0,9999,9999
241,Q242,1,0,0,9999,9999
242,Q243,1,0,0,9999,9999
243,Q244,1,0,0,9999,9999
244,Q245,1,0,0,9999,9999
245,Q246,1,0,0,9999,9999
246,Q247,1,0,0,9999,9999
247,Q248,1,0,0,9999,9999
248,Q249,1,0,0,9999,9999
249,Q250,1,0,0,9999,9999
250,Q251,1,0,0,9999,9999
251,Q252,1,0,0,9999,9999
252,Q253,1,0,0,9999,9999
253,Q254,1,0,0,9999,9999
254,Q255,1,0,0,9999,9999
255,Q256,1,0,0,9999,9999
256,Q257,1,0,0,9999,9999
257,Q258,1,0,0,9999,9999
258,Q259,1,0,0,9999,9999
259,Q260,1,0,0,9999,9999
260,Q261,1,0,0,9999,9999
261,Q262,1,0,0,9999,9999
262,Q263,1,0,0,9999,9999
263,Q264,1,0,0,9999,9999
264,Q265,1,0,0,9999,9999
265,Q266,1,0,0,9999,9999
266,Q267,1,0,0,9999,9999
267,Q268,1,0,0,9999,9999
268,Q269,1,0,0,9999,9999
269,Q270,1,0,0,9999,9999
270,Q271,1,0,0,9999,9999
271,Q272,1,0,0,9999,9999
272,Q273,1,0,0,9999,9999
273,Q274,1,0,0,9999,9999
274,Q275,1,0,0,9999,9999
275,Q276,1,0,0,9999,9999
276,Q277,1,0,0,9999,9999
277,Q278,1,0,0,9999,9999
278,Q279,1,0,0,9999,9999
279,Q280,1,0,0,9999,9999
280,Q281,1,0,0,9999,9999
281,Q282,1,0,0,9999,9999
282,Q283,1,0,0,9999,9999
283,Q284,1,0,0,9999,9999
284,Q285,1,0,0,9999,9999
285,Q286,1,0,0,9999,9999
286,Q287,1,0,0,9999,9999
287,Q288,1,0,0,9999,9999
288,Q289,1,0,0,9999,9999
289,Q290,1,0,0,9999,9999
290,Q291,1,0,0,9999,9999
291,Q292,1,0,0,9999,9999
292,Q293,1,0,0,9999,9999
293,Q294,1,0,0,9999,9999
294,Q295,1,0,0,9999,9999
295,Q296,1,0,0,9999,9999
296,Q297,1,0,0,9999,9999
297,Q298,1,0,0,9999,9999
298,Q299,1,0,0,9999,9999
299,Q300,1,0,0,9999,9999
300,Q301,1,0,0,9999,9999
301,Q302,1,0,0,9999,9999
302,Q303,1,0,0,9999,9999
303,Q304,1,0,0,9999,9999
304,Q305,1,0,0,9999,9999
305,Q306,1,0,0,9999,9999
306,Q307,1,0,0,9999,9999
307,Q308,1,0,0,9999,9999
308,Q309,1,0,0,9999,9999
309,Q310,1,0,0,9999,9999
310,Q311,1,0,0,9999,9999
311,Q312,1,0,0,9999,9999
312,Q313,1,0,0,9999,9999
313,Q314,1,0,0,9999,9999
314,Q315,1,0,0,9999,9999
315,Q316,1,0,0,9999,9999
316,Q317,1,0,0,9999,9999
317,Q318,1,0,0,9999,9999
318,Q319,1,0,0,9999,9999
319,Q320,1,0,0,9999,9999
320,Q321,1,0,0,9999,9999
321,Q322,1,0,0,9999,9999
322,Q323,1,0,0,9999,9999
323,Q324,1,0,0,9999,9999
324,Q325,1,0,0,9999,9999
325,Q326,1,0,0,9999,9999
326,Q327,1,0,0,9999,9999
327,Q328,1,0,0,9999,9999
328,Q329,1,0,0,9999,9999
329,Q330,1,0,0,9999,9999
330,Q331,1,0,0,9999,9999
331,Q332,1,0,0,9999,9999
332,Q333,1,0,0,9999,9999
333,Q334,1,0,0,9999,9999
334,Q335,1,0,0,9999,9999
335,Q336,1,0,0,9999,9999
336,Q337,1,0,0,9999,9999
337,Q338,1,0,0,9999,9999
338,Q339,1,0,0,9999,9999
339,Q340,1,0,0,9999,9999
340,Q341,1,0,0,9999,9999
341,Q342,1,0,0,9999,9999
342,Q343,1,0,0,9999,9999
343,Q344,1,0,0,9999,9999
344,Q345,1,0,0,9999,9999
345,Q346,1,0,0,9999,9999
346,Q347,1,0,0,9999,9999
347,Q348,1,0,0,9999,9999
348,Q349,1,0,0,9999,9999
349,Q350,1,0,0,9999,9999
350,Q351,1,0,0,9999,9999
351,Q352,1,0,0,9999,9999
352,Q353,1,0,0,9999,9999
353,Q354,1,0,0,9999,9999
354,Q355,1,0,0,9999,9999
355,Q356,1,0,0,9999,9999
356,Q357,1,0,0,9999,9999
357,Q358,1,0,0,9999,9999
358,Q359,1,0,0,9999,9999
359,Q360,1,0,0,9999,9999
360,Q361,1,0,0,9999,9999
361,Q362,1,0,0,9999,9999
362,Q363,1,0,0,9999,9999
363,Q364,1,0,0,9999,9999
364,Q365,1,0,0,9999,9999
365,Q366,1,0,0,9999,9999
366,Q367,1,0,0,9999,9999
367,Q368,1,0,0,9999,9999
368,Q369,1,0,0,9999,9999
369,Q370,1,0,0,9999,9999
370,Q371,1,0,0,9999,9999
371,Q372,1,0,0,9999,9999
372,Q373,1,0,0,9999,9999
373,Q374,1,0,0,9999,9999
374,Q375,1,0,0,9999,9999
375,Q376,1,0,0,9999,9999
376,Q377,1,0,0,9999,9999
377,Q378,1,0,0,9999,9999
378,Q379,1,0,0,9999,9999
379,Q380,1,0,0,9999,9999
380,Q381,1,0,0,9999,9999
381,Q382,1,0,0,9999,9999
382,Q383,1,0,0,9999,9999
383,Q384,1,0,0,9999,9999
384,Q385,1,0,0,9999,9999
385,Q386,1,0,0,9999,9999
386,Q387,1,0,0,9999,9999
387,Q388,1,0,0,9999,9999
388,Q389,1,0,0,9999,9999
389,Q390,1,0,0,9999,9999
390,Q391,1,0,0,9999,9999
391,Q392,1,0,0,9999,9999
392,Q393,1,0,0,9999,9999
393,Q394,1,0,0,9999,9999
394,Q395,1,0,0,9999,9999
395,Q396,1,0,0,9999,9999
396,Q397,1,0,0,9999,9999
397,Q398,1,0,0,9999,9999
398,Q399,1,0,0,9999,9999
399,Q400,1,0,0,9999,9999
400,Q1,2,0,0,9999,9999
401,Q2,2,0,0,9999,9999
402,Q3,2,0,0,9999,9999
403,Q4,2,0,0,9999,9999
404,Q5,2,0,0,9999,9999
405,Q6,2,0,0,9999,9999
406,Q7,2,0,0,9999,9999
407,Q8,2,0,0,9999,9999
408,Q9,2,0,0,9999,9999
409,Q10,2,0,0,9999,9999
410,Q11,2,0,0,9999,9999
411,Q12,2,0,0,9999,9999
412,Q13,2,0,0,9999,9999
413,Q14,2,0,0,9999,9999
414,Q15,2,0,0,9999,9999
415,Q16,2,0,0,9999,9999
416,Q17,2,0,0,9999,9999
417,Q18,2,0,0,9999,9999
418,Q19,2,0,0,9999,9999
419,Q20,2,0,0,9999,9999
420,Q21,2,0,0,9999,9999
421,Q22,2,0,0,9999,9999
422,Q23,2,0,0,9999,9999
423,Q24,2,0,0,9999,9999
424,Q25,2,0,0,9999,9999
425,Q26,2,0,0,9999,9999
426,Q27,2,0,0,9999,9999
427,Q28,2,0,0,9999,9999
428,Q29,2,0,0,9999,9999
429,Q30,2,0,0,9999,9999
430,Q31,2,0,0,9999,9999
431,Q32,2,0,0,9999,9999
432,Q33,2,0,0,9999,9999
433,Q34,2,0,0,9999,9999
434,Q35,2,0,0,9999,9999
435,Q36,2,0,0,9999,9999
436,Q37,2,0,0,9999,9999
437,Q38,2,0,0,9999,9999
438,Q39,2,0,0,9999,9999
439,Q40,2,0,0,9999,9999
440,Q41,2,0,0,9999,9999
441,Q42,2,0,0,9999,9999
442,Q43,2,0,0,9999,9999
443,Q44,2,0,0,9999,9999
444,Q45,2,0,0,9999,9999
445,Q46,2,0,0,9999,9999
446,Q47,2,0,0,9999,9999
447,Q48,2,0,0,9999,9999
448,Q49,2,0,0,9999,9999
449,Q50,2,0,0,9999,9999
450,Q51,2,0,0,9999,9999
451,Q52,2,0,0,9999,9999
452,Q53,2,0,0,9999,9999
453,Q54,2,0,0,9999,9999
454,Q55,2,0,0,9999,9999
455,Q56,2,0,0,9999,9999
456,Q57,2,0,0,9999,9999
457,Q58,2,0,0,9999,9999
458,Q59,2,0,0,9999,9999
459,Q60,2,0,0,9999,9999
460,Q61,2,0,0,9999,9999
461,Q62,2,0,0,9999,9999
462,Q63,2,0,0,9999,9999
463,Q64,2,0,0,9999,9999
464,Q65,2,0,0,9999,9999
465,Q66,2,0,0,9999,9999
466,Q67,2,0,0,9999,9999
467,Q68,2,0,0,9999,9999
468,Q69,2,0,0,9999,9999
469,Q70,2,0,0,9999,9999
470,Q71,2,0,0,9999,9999
471,Q72,2,0,0,9999,9999
472,Q73,2,0,0,9999,9999
473,Q74,2,0,0,9999,9999
474,Q75,2,0,0,9999,9999
475,Q76,2,0,0,9999,9999
476,Q77,2,0,0,9999,9999
477,Q78,2,0,0,9999,9999
478,Q79,2,0,0,9999,9999
479,Q80,2,0,0,9999,9999
480,Q81,2,0,0,9999,9999
481,Q82,2,0,0,9999,9999
482,Q83,2,0,0,9999,9999
483,Q84,2,0,0,9999,9999
484,Q85,2,0,0,9999,9999
485,Q86,2,0,0,9999,9999
486,Q87,2,0,0,9999,9999
487,Q88,2,0,0,9999,9999
488,Q89,2,0,0,9999,9999
489,Q90,2,0,0,9999,9999
490,Q91,2,0,0,9999,9999
491,Q92,2,0,0,9999,9999
492,Q93,2,0,0,9999,9999
493,Q94,2,0,0,9999,9999
494,Q95,2,0,0,9999,9999
495,Q96,2,0,0,9999,9999
496,Q97,2,0,0,9999,9999
497,Q98,2,0,0,9999,9999
498,Q99,2,0,0,9999,9999
499,Q100,2,0,0,9999,9999
500,Q101,2,0,0,9999,9999
501,Q102,2,0,0,9999,9999
502,Q103,2,0,0,9999,9999
503,Q104,2,0,0,9999,9999
504,Q105,2,0,0,9999,9999
505,Q106,2,0,0,9999,9999
506,Q107,2,0,0,9999,9999
507,Q108,2,0,0,9999,9999
508,Q109,2,0,0,9999,9999
509,Q110,2,0,0,9999,9999
510,Q111,2,0,0,9999,9999
511,Q112,2,0,0,9999,9999
512,Q113,2,0,0,9999,9999
513,Q114,2,0,0,9999,9999
514,Q115,2,0,0,9999,9999
515,Q116,2,0,0,9999,9999
516,Q117,2,0,0,9999,9999
517,Q118,2,0,0,9999,9999
518,Q119,2,0,0,9999,9999
519,Q120,2,0,0,9999,9999
520,Q121,2,0,0,9999,9999
521,Q122,2,0,0,9999,9999
522,Q123,2,0,0,9999,9999
523,Q124,2,0,0,9999,9999
524,Q125,2,0,0,9999,9999
525,Q126,2,0,0,9999,9999
526,Q127,2,0,0,9999,9999
527,Q128,2,0,0,9999,9999
528,Q129,2,0,0,9999,9999
529,Q130,2,0,0,9999,9999
530,Q131,2,0,0,9999,9999
531,Q132,2,0,0,9999,9999
532,Q133,2,0,0,9999,9999
533,Q134,2,0,0,9999,9999
534,Q135,2,0,0,9999,9999
535,Q136,2,0,0,9999,9999
536,Q137,2,0,0,9999,9999
537,Q138,2,0,0,9999,9999
538,Q139,2,0,0,9999,9999
539,Q140,2,0,0,9999,9999
540,Q141,2,0,0,9999,9999
541,Q142,2,0,0,9999,9999
542,Q143,2,0,0,9999,9999
543,Q144,2,0,0,9999,9999
544,Q145,2,0,0,9999,9999
545,Q146,2,0,0,9999,9999
546,Q147,2,0,0,9999,9999
547,Q148,2,0,0,9999,9999
548,Q149,2,0,0,9999,9999
549,Q150,2,0,0,9999,9999
550,Q151,2,0,0,9999,9999
551,Q152,2,0,0,9999,9999
552,Q153,2,0,0,9999,9999
553,Q154,2,0,0,9999,9999
554,Q155,2,0,0,9999,9999
555,Q156,2,0,0,9999,9999
556,Q157,2,0,0,9999,9999
557,Q158,2,0,0,9999,9999
558,Q159,2,0,0,9999,9999
559,Q160,2,0,0,9999,9999
560,Q161,2,0,0,9999,9999
561,Q162,2,0,0,9999,9999
562,Q163,2,0,0,9999,9999
563,Q164,2,0,0,9999,9999
564,Q165,2,0,0,9999,9999
565,Q166,2,0,0,9999,9999
566,Q167,2,0,0,9999,9999
567,Q168,2,0,0,9999,9999
568,Q169,2,0,0,9999,9999
569,Q170,2,0,0,9999,9999
570,Q171,2,0,0,9999,9999
571,Q172,2,0,0,9999,9999
572,Q173,2,0,0,9999,9999
573,Q174,2,0,0,9999,9999
574,Q175,2,0,0,9999,9999
575,Q176,2,0,0,9999,9999
576,Q177,2,0,0,9999,9999
577,Q178,2,0,0,9999,9999
578,Q179,2,0,0,9999,9999
579,Q180,2,0,0,9999,9999
580,Q181,2,0,0,9999,9999
581,Q182,2,0,0,9999,9999
582,Q183,2,0,0,9999,9999
583,Q184,2,0,0,9999,9999
584,Q185,2,0,0,9999,9999
585,Q186,2,0,0,9999,9999
586,Q187,2,0,0,9999,9999
587,Q188,2,0,0,9999,9999
588,Q189,2,0,0,9999,9999
589,Q190,2,0,0,9999,9999
590,Q191,2,0,0,9999,9999
591,Q192,2,0,0,9999,9999
592,Q193,2,0,0,9999,9999
593,Q194,2,0,0,9999,9999
594,Q195,2,0,0,9999,9999
595,Q196,2,0,0,9999,9999
596,Q197,2,0,0,9999,9999
597,Q198,2,0,0,9999,9999
598,Q199,2,0,0,9999,9999
599,Q200,2,0,0,9999,9999
600,Q201,2,0,0,9999,9999
601,Q202,2,0,0,9999,9999
602,Q203,2,0,0,9999,9999
603,Q204,2,0,0,9999,9999
604,Q205,2,0,0,9999,9999
605,Q206,2,0,0,9999,9999
606,Q207,2,0,0,9999,9999
607,Q208,2,0,0,9999,9999
608,Q209,2,0,0,9999,9999
609,Q210,2,0,0,9999,9999
610,Q211,2,0,0,9999,9999
611,Q212,2,0,0,9999,9999
612,Q213,2,0,0,9999,9999
613,Q214,2,0,0,9999,9999
614,Q215,2,0,0,9999,9999
615,Q216,2,0,0,9999,9999
616,Q217,2,0,0,9999,9999
617,Q218,2,0,0,9999,9999
618,Q219,2,0,0,9999,9999
619,Q220,2,0,0,9999,9999
620,Q221,2,0,0,9999,9999
621,Q222,2,0,0,9999,9999
622,Q223,2,0,0,9999,9999
623,Q224,2,0,0,9999,9999
624,Q225,2,0,0,9999,9999
625,Q226,2,0,0,9999,9999
626,Q227,2,0,0,9999,9999
627,Q228,2,0,0,9999,9999
628,Q229,2,0,0,9999,9999
629,Q230,2,0,0,9999,9999
630,Q231,2,0,0,9999,9999
631,Q232,2,0,0,9999,9999
632,Q233,2,0,0,9999,9999
633,Q234,2,0,0,9999,9999
634,Q235,2,0,0,9999,9999
635,Q236,2,0,0,9999,9999
636,Q237,2,0,0,9999,9999
637,Q238,2,0,0,9999,9999
638,Q239,2,0,0,9999,9999
639,Q240,2,0,0,9999,9999
640,Q241,2,0,0,9999,9999
641,Q242,2,0,0,9999,9999
642,Q243,2,0,0,9999,9999
643,Q244,2,0,0,9999,9999
644,Q245,2,0,0,9999,9999
645,Q246,2,0,0,9999,9999
646,Q247,2,0,0,9999,9999
647,Q248,2,0,0,9999,9999
648,Q249,2,0,0,9999,9999
649,Q250,2,0,0,9999,9999
650,Q251,2,0,0,9999,9999
651,Q252,2,0,0,9999,9999
652,Q253,2,0,0,9999,9999
653,Q254,2,0,0,9999,9999
654,Q255,2,0,0,9999,9999
655,Q256,2,0,0,9999,9999
656,Q257,2,0,0,9999,9999
657,Q258,2,0,0,9999,9999
658,Q259,2,0,0,9999,9999
659,Q260,2,0,0,9999,9999
660,Q261,2,0,0,9999,9999
661,Q262,2,0,0,9999,9999
662,Q263,2,0,0,9999,9999
663,Q264,2,0,0,9999,9999
664,Q265,2,0,0,9999,9999
665,Q266,2,0,0,9999,9999
666,Q267,2,0,0,9999,9999
667,Q268,2,0,0,9999,9999
668,Q269,2,0,0,9999,9999
669,Q270,2,0,0,9999,9999
670,Q271,2,0,0,9999,9999
671,Q272,2,0,0,9999,9999
672,Q273,2,0,0,9999,9999
673,Q274,2,0,0,9999,9999
674,Q275,2,0,0,9999,9999
675,Q276,2,0,0,9999,9999
676,Q277,2,0,0,9999,9999
677,Q278,2,0,0,9999,9999
678,Q279,2,0,0,9999,9999
679,Q280,2,0,0,9999,9999
680,Q281,2,0,0,9999,9999
681,Q282,2,0,0,9999,9999
682,Q283,2,0,0,9999,9999
683,Q284,2,0,0,9999,9999
684,Q285,2,0,0,9999,9999
685,Q286,2,0,0,9999,9999
686,Q287,2,0,0,9999,9999
687,Q288,2,0,0,9999,9999
688,Q289,2,0,0,9999,9999
689,Q290,2,0,0,9999,9999
690,Q291,2,0,0,9999,9999
691,Q292,2,0,0,9999,9999
692,Q293,2,0,0,9999,9999
693,Q294,2,0,0,9999,9999
694,Q295,2,0,0,9999,9999
695,Q296,2,0,0,9999,9999
696,Q297,2,0,0,9999,9999
697,Q298,2,0,0,9999,9999
698,Q299,2,0,0,9999,9999
699,Q300,2,0,0,9999,9999
700,Q301,2,0,0,9999,9999
701,Q302,2,0,0,9999,9999
702,Q303,2,0,0,9999,9999
703,Q304,2,0,0,9999,9999
704,Q305,2,0,0,9999,9999
705,Q306,2,0,0,9999,9999
706,Q307,2,0,0,9999,9999
707,Q308,2,0,0,9999,9999
708,Q309,2,0,0,9999,9999
709,Q310,2,0,0,9999,9999
710,Q311,2,0,0,9999,9999
711,Q312,2,0,0,9999,9999
712,Q313,2,0,0,9999,9999
713,Q314,2,0,0,9999,9999
714,Q315,2,0,0,9999,9999
715,Q316,2,0,0,9999,9999
716,Q317,2,0,0,9999,9999
717,Q318,2,0,0,9999,9999
718,Q319,2,0,0,9999,9999
719,Q320,2,0,0,9999,9999
720,Q321,2,0,0,9999,9999
721,Q322,2,0,0,9999,9999
722,Q323,2,0,0,9999,9999
723,Q324,2,0,0,9999,9999
724,Q325,2,0,0,9999,9999
725,Q326,2,0,0,9999,9999
726,Q327,2,0,0,9999,9999
727,Q328,2,0,0,9999,9999
728,Q329,2,0,0,9999,9999
729,Q330,2,0,0,9999,9999
730,Q331,2,0,0,9999,9999
731,Q332,2,0,0,9999,9999
732,Q333,2,0,0,9999,9999
733,Q334,2,0,0,9999,9999
734,Q335,2,0,0,9999,9999
735,Q336,2,0,0,9999,9999
736,Q337,2,0,0,9999,9999
737,Q338,2,0,0,9999,9999
738,Q339,2,0,0,9999,9999
739,Q340,2,0,0,9999,9999
740,Q341,2,0,0,9999,9999
741,Q342,2,0,0,9999,9999
742,Q343,2,0,0,9999,9999
743,Q344,2,0,0,9999,9999
744,Q345,2,0,0,9999,9999
745,Q346,2,0,0,9999,9999
746,Q347,2,0,0,9999,9999
747,Q348,2,0,0,9999,9999
748,Q349,2,0,0,9999,9999
749,Q350,2,0,0,9999,9999
750,Q351,2,0,0,9999,9999
751,Q352,2,0,0,9999,9999
752,Q353,2,0,0,9999,9999
753,Q354,2,0,0,9999,9999
754,Q355,2,0,0,9999,9999
755,Q356,2,0,0,9999,9999
756,Q357,2,0,0,9999,9999
757,Q358,2,0,0,9999,9999
758,Q359,2,0,0,9999,9999
759,Q360,2,0,0,9999,9999
760,Q361,2,0,0,9999,9999
761,Q362,2,0,0,9999,9999
762,Q363,2,0,0,9999,9999
763,Q364,2,0,0,9999,9999
764,Q365,2,0,0,9999,9999
765,Q366,2,0,0,9999,9999
766,Q367,2,0,0,9999,9999
767,Q368,2,0,0,9999,9999
768,Q369,2,0,0,9999,9999
769,Q370,2,0,0,9999,9999
770,Q371,2,0,0,9999,9999
771,Q372,2,0,0,9999,9999
772,Q373,2,0,0,9999,9999
773,Q374,2,0,0,9999,9999
774,Q375,2,0,0,9999,9999
775,Q376,2,0,0,9999,9999
776,Q377,2,0,0,9999,9999
777,Q378,2,0,0,9999,9999
778,Q379,2,0,0,9999,9999
779,Q380,2,0,0,9999,9999
780,Q381,2,0,0,9999,9999
781,Q382,2,0,0,9999,9999
782,Q383,2,0,0,9999,9999
783,Q384,2,0,0,9999,9999
784,Q385,2,0,0,9999,9999
785,Q386,2,0,0,9999,9999
786,Q387,2,0,0,9999,9999
787,Q388,2,0,0,9999,9999
788,Q389,2,0,0,9999,9999
789,Q390,2,0,0,9999,9999
790,Q391,2,0,0,9999,9999
791,Q392,2,0,0,9999,9999
792,Q393,2,0,0,9999,9999
793,Q394,2,0,0,9999,9999
794,Q395,2,0,0,9999,9999
795,Q396,2,0,0,9999,9999
796,Q397,2,0,0,9999,9999
797,Q398,2,0,0,9999,9999
798,Q399,2,0,0,9999,9999
799,Q400,2,0,0,9999,9999
800,Q1,3,0,0,9999,9999
801,Q2,3,0,0,9999,9999
802,Q3,3,0,0,9999,9999
803,Q4,3,0,0,9999,9999
804,Q5,3,0,0,9999,9999
805,Q6,3,0,0,9999,9999
806,Q7,3,0,0,9999,9999
807,Q8,3,0,0,9999,9999
808,Q9,3,0,0,9999,9999
809,Q10,3,0,0,9999,9999
810,Q11,3,0,0,9999,9999
811,Q12,3,0,0,9999,9999
812,Q13,3,0,0,9999,9999
813,Q14,3,0,0,9999,9999
814,Q15,3,0,0,9999,9999
815,Q16,3,0,0,9999,9999
816,Q17,3,0,0,9999,9999
817,Q18,3,0,0,9999,9999
818,Q19,3,0,0,9999,9999
819,Q20,3,0,0,9999,9999
820,Q21,3,0,0,9999,9999
821,Q22,3,0,0,9999,9999
822,Q23,3,0,0,9999,9999
823,Q24,3,0,0,9999,9999
824,Q25,3,0,0,9999,9999
825,Q26,3,0,0,9999,9999
826,Q27,3,0,0,9999,9999
827,Q28,3,0,0,9999,9999
828,Q29,3,0,0,9999,9999
829,Q30,3,0,0,9999,9999
830,Q31,3,0,0,9999,9999
831,Q32,3,0,0,9999,9999
832,Q33,3,0,0,9999,9999
833,Q34,3,0,0,9999,9999
834,Q35,3,0,0,9999,9999
835,Q36,3,0,0,9999,9999
836,Q37,3,0,0,9999,9999
837,Q38,3,0,0,9999,9999
838,Q39,3,0,0,9999,9999
839,Q40,3,0,0,9999,9999
840,Q41,3,0,0,9999,9999
841,Q42,3,0,0,9999,9999
842,Q43,3,0,0,9999,9999
843,Q44,3,0,0,9999,9999
844,Q45,3,0,0,9999,9999
845,Q46,3,0,0,9999,9999
846,Q47,3,0,0,9999,9999
847,Q48,3,0,0,9999,9999
848,Q49,3,0,0,9999,9999
849,Q50,3,0,0,9999,9999
850,Q51,3,0,0,9999,9999
851,Q52,3,0,0,9999,9999
852,Q53,3,0,0,9999,9999
853,Q54,3,0,0,9999,9999
854,Q55,3,0,0,9999,9999
855,Q56,3,0,0,9999,9999
856,Q57,3,0,0,9999,9999
857,Q58,3,0,0,9999,9999
858,Q59,3,0,0,9999,9999
859,Q60,3,0,0,9999,9999
860,Q61,3,0,0,9999,9999
861,Q62,3,0,0,9999,9999
862,Q63,3,0,0,9999,9999
863,Q64,3,0,0,9999,9999
864,Q65,3,0,0,9999,9999
865,Q66,3,0,0,9999,9999
866,Q67,3,0,0,9999,9999
867,Q68,3,0,0,9999,9999
868,Q69,3,0,0,9999,9999
869,Q70,3,0,0,9999,9999
870,Q71,3,0,0,9999,9999
871,Q72,3,0,0,9999,9999
872,Q73,3,0,0,9999,9999
873,Q74,3,0,0,9999,9999
874,Q75,3,0,0,9999,9999
875,Q76,3,0,0,9999,9999
876,Q77,3,0,0,9999,9999
877,Q78,3,0,0,9999,9999
878,Q79,3,0,0,9999,9999
879,Q80,3,0,0,9999,9999
880,Q81,3,0,0,9999,9999
881,Q82,3,0,0,9999,9999
882,Q83,3,0,0,9999,9999
883,Q84,3,0,0,9999,9999
884,Q85,3,0,0,9999,9999
885,Q86,3,0,0,9999,9999
886,Q87,3,0,0,9999,9999
887,Q88,3,0,0,9999,9999
888,Q89,3,0,0,9999,9999
889,Q90,3,0,0,9999,9999
890,Q91,3,0,0,9999,9999
891,Q92,3,0,0,9999,9999
892,Q93,3,0,0,9999,9999
893,Q94,3,0,0,9999,9999
894,Q95,3,0,0,9999,9999
895,Q96,3,0,0,9999,9999
896,Q97,3,0,0,9999,9999
897,Q98,3,0,0,9999,9999
898,Q99,3,0,0,9999,9999
899,Q100,3,0,0,9999,9999
900,Q101,3,0,0,9999,9999
901,Q102,3,0,0,9999,9999
902,Q103,3,0,0,9999,9999
903,Q104,3,0,0,9999,9999
904,Q105,3,0,0,9999,9999
905,Q106,3,0,0,9999,9999
906,Q107,3,0,0,9999,9999
907,Q108,3,0,0,9999,9999
908,Q109,3,0,0,9999,9999
909,Q110,3,0,0,9999,9999
910,Q111,3,0,0,9999,9999
911,Q112,3,0,0,9999,9999
912,Q113,3,0,0,9999,9999
913,Q114,3,0,0,9999,9999
914,Q115,3,0,0,9999,9999
915,Q116,3,0,0,9999,9999
916,Q117,3,0,0,9999,9999
917,Q118,3,0,0,9999,9999
918,Q119,3,0,0,9999,9999
919,Q120,3,0,0,9999,9999
920,Q121,3,0,0,9999,9999
921,Q122,3,0,0,9999,9999
922,Q123,3,0,0,9999,9999
923,Q124,3,0,0,9999,9999
924,Q125,3,0,0,9999,9999
925,Q126,3,0,0,9999,9999
926,Q127,3,0,0,9999,9999
927,Q128,3,0,0,9999,9999
928,Q129,3,0,0,9999,9999
929,Q130,3,0,0,9999,9999
930,Q131,3,0,0,9999,9999
931,Q132,3,0,0,9999,9999
932,Q133,3,0,0,9999,9999
933,Q134,3,0,0,9999,9999
934,Q135,3,0,0,9999,9999
935,Q136,3,0,0,9999,9999
936,Q137,3,0,0,9999,9999
937,Q138,3,0,0,9999,9999
938,Q139,3,0,0,9999,9999
939,Q140,3,0,0,9999,9999
940,Q141,3,0,0,9999,9999
941,Q142,3,0,0,9999,9999
942,Q143,3,0,0,9999,9999
943,Q144,3,0,0,9999,9999
944,Q145,3,0,0,9999,9999
945,Q146,3,0,0,9999,9999
946,Q147,3,0,0,9999,9999
947,Q148,3,0,0,9999,9999
948,Q149,3,0,0,9999,9999
949,Q150,3,0,0,9999,9999
950,Q151,3,0,0,9999,9999
951,Q152,3,0,0,9999,9999
952,Q153,3,0,0,9999,9999
953,Q154,3,0,0,9999,9999
954,Q155,3,0,0,9999,9999
955,Q156,3,0,0,9999,9999
956,Q157,3,0,0,9999,9999
957,Q158,3,0,0,9999,9999
958,Q159,3,0,0,9999,9999
959,Q160,3,0,0,9999,9999
960,Q161,3,0,0,9999,9999
961,Q162,3,0,0,9999,9999
962,Q163,3,0,0,9999,9999
963,Q164,3,0,0,9999,9999
964,Q165,3,0,0,9999,9999
965,Q166,3,0,0,9999,9999
966,Q167,3,0,0,9999,9999
967,Q168,3,0,0,9999,9999
968,Q169,3,0,0,9999,9999
969,Q170,3,0,0,9999,9999
970,Q171,3,0,0,9999,9999
971,Q172,3,0,0,9999,9999
972,Q173,3,0,0,9999,9999
973,Q174,3,0,0,9999,9999
974,Q175,3,0,0,9999,9999
975,Q176,3,0,0,9999,9999
976,Q177,3,0,0,9999,9999
977,Q178,3,0,0,9999,9999
978,Q179,3,0,0,9999,9999
979,Q180,3,0,0,9999,9999
980,Q181,3,0,0,9999,9999
981,Q182,3,0,0,9999,9999
982,Q183,3,0,0,9999,9999
983,Q184,3,0,0,9999,9999
984,Q185,3,0,0,9999,9999
985,Q186,3,0,0,9999,9999
986,Q187,3,0,0,9999,9999
987,Q188,3,0,0,9999,9999
988,Q189,3,0,0,9999,9999
989,Q190,3,0,0,9999,9999
990,Q191,3,0,0,9999,9999
991,Q192,3,0,0,9999,9999
992,Q193,3,0,0,9999,9999
993,Q194,3,0,0,9999,9999
994,Q195,3,0,0,9999,9999
995,Q196,3,0,0,9999,9999
996,Q197,3,0,0,9999,9999
997,Q198,3,0,0,9999,9999
998,Q199,3,0,0,9999,9999
999,Q200,3,0,0,9999,9999
1000,Q201,3,0,0,9999,9999
1001,Q202,3,0,0,9999,9999
1002,Q203,3,0,0,9999,9999
1003,Q204,3,0,0,9999,9999
1004,Q205,3,0,0,9999,9999
1005,Q206,3,0,0,9999,9999
1006,Q207,3,0,0,9999,9999
1007,Q208,3,0,0,9999,9999
1008,Q209,3,0,0,9999,9999
1009,Q210,3,0,0,9999,9999
1010,Q211,3,0,0,9999,9999
1011,Q212,3,0,0,9999,9999
1012,Q213,3,0,0,9999,9999
1013,Q214,3,0,0,9999,9999
1014,Q215,3,0,0,9999,9999
1015,Q216,3,0,0,9999,9999
1016,Q217,3,0,0,9999,9999
1017,Q218,3,0,0,9999,9999
1018,Q219,3,0,0,9999,9999
1019,Q220,3,0,0,9999,9999
1020,Q221,3,0,0,9999,9999
1021,Q222,3,0,0,9999,9999
1022,Q223,3,0,0,9999,9999
1023,Q224,3,0,0,9999,9999
1024,Q225,3,0,0,9999,9999
1025,Q226,3,0,0,9999,9999
1026,Q227,3,0,0,9999,9999
1027,Q228,3,0,0,9999,9999
1028,Q229,3,0,0,9999,9999
1029,Q230,3,0,0,9999,9999
1030,Q231,3,0,0,9999,9999
1031,Q232,3,0,0,9999,9999
1032,Q233,3,0,0,9999,9999
1033,Q234,3,0,0,9999,9999
1034,Q235,3,0,0,9999,9999
1035,Q236,3,0,0,9999,9999
1036,Q237,3,0,0,9999,9999
1037,Q238,3,0,0,9999,9999
1038,Q239,3,0,0,9999,9999
1039,Q240,3,0,0,9999,9999
1040,Q241,3,0,0,9999,9999
1041,Q242,3,0,0,9999,9999
1042,Q243,3,0,0,9999,9999
1043,Q244,3,0,0,9999,9999
1044,Q245,3,0,0,9999,9999
1045,Q246,3,0,0,9999,9999
1046,Q247,3,0,0,9999,9999
1047,Q248,3,0,0,9999,9999
1048,Q249,3,0,0,9999,9999
1049,Q250,3,0,0,9999,9999
1050,Q251,3,0,0,9999,9999
1051,Q252,3,0,0,9999,9999
1052,Q253,3,0,0,9999,9999
1053,Q254,3,0,0,9999,9999
1054,Q255,3,0,0,9999,9999
1055,Q256,3,0,0,9999,9999
1056,Q257,3,0,0,9999,9999
1057,Q258,3,0,0,9999,9999
1058,Q259,3,0,0,9999,9999
1059,Q260,3,0,0,9999,9999
1060,Q261,3,0,0,9999,9999
1061,Q262,3,0,0,9999,9999
1062,Q263,3,0,0,9999,9999
1063,Q264,3,0,0,9999,9999
1064,Q265,3,0,0,9999,9999
1065,Q266,3,0,0,9999,9999
1066,Q267,3,0,0,9999,9999
1067,Q268,3,0,0,9999,9999
1068,Q269,3,0,0,9999,9999
1069,Q270,3,0,0,9999,9999
1070,Q271,3,0,0,9999,9999
1071,Q272,3,0,0,9999,9999
1072,Q273,3,0,0,9999,9999
1073,Q274,3,0,0,9999,9999
1074,Q275,3,0,0,9999,9999
1075,Q276,3,0,0,9999,9999
1076,Q277,3,0,0,9999,9999
1077,Q278,3,0,0,9999,9999
1078,Q279,3,0,0,9999,9999
1079,Q280,3,0,0,9999,9999
1080,Q281,3,0,0,9999,9999
1081,Q282,3,0,0,9999,9999
1082,Q283,3,0,0,9999,9999
1083,Q284,3,0,0,9999,9999
1084,Q285,3,0,0,9999,9999
1085,Q286,3,0,0,9999,9999
1086,Q287,3,0,0,9999,9999
1087,Q288,3,0,0,9999,9999
1088,Q289,3,0,0,9999,9999
1089,Q290,3,0,0,9999,9999
1090,Q291,3,0,0,9999,9999
1091,Q292,3,0,0,9999,9999
1092,Q293,3,0,0,9999,9999
1093,Q294,3,0,0,9999,9999
1094,Q295,3,0,0,9999,9999
1095,Q296,3,0,0,9999,9999
1096,Q297,3,0,0,9999,9999
1097,Q298,3,0,0,9999,9999
1098,Q299,3,0,0,9999,9999
1099,Q300,3,0,0,9999,9999
1100,Q301,3,0,0,9999,9999
1101,Q302,3,0,0,9999,9999
1102,Q303,3,0,0,9999,9999
1103,Q304,3,0,0,9999,9999
1104,Q305,3,0,0,9999,9999
1105,Q306,3,0,0,9999,9999
1106,Q307,3,0,0,9999,9999
1107,Q308,3,0,0,9999,9999
1108,Q309,3,0,0,9999,9999
1109,Q310,3,0,0,9999,9999
1110,Q311,3,0,0,9999,9999
1111,Q312,3,0,0,9999,9999
1112,Q313,3,0,0,9999,9999
1113,Q314,3,0,0,9999,9999
1114,Q315,3,0,0,9999,9999
1115,Q316,3,0,0,9999,9999
1116,Q317,3,0,0,9999,9999
1117,Q318,3,0,0,9999,9999
1118,Q319,3,0,0,9999,9999
1119,Q320,3,0,0,9999,9999
1120,Q321,3,0,0,9999,9999
1121,Q322,3,0,0,9999,9999
1122,Q323,3,0,0,9999,9999
1123,Q324,3,0,0,9999,9999
1124,Q325,3,0,0,9999,9999
1125,Q326,3,0,0,9999,9999
1126,Q327,3,0,0,9999,9999
1127,Q328,3,0,0,9999,9999
1128,Q329,3,0,0,9999,9999
1129,Q330,3,0,0,9999,9999
1130,Q331,3,0,0,9999,9999
1131,Q332,3,0,0,9999,9999
1132,Q333,3,0,0,9999,9999
1133,Q334,3,0,0,9999,9999
1134,Q335,3,0,0,9999,9999
1135,Q336,3,0,0,9999,9999
1136,Q337,3,0,0,9999,9999
1137,Q338,3,0,0,9999,9999
1138,Q339,3,0,0,9999,9999
1139,Q340,3,0,0,9999,9999
1140,Q341,3,0,0,9999,9999
1141,Q342,3,0,0,9999,9999
1142,Q343,3,0,0,9999,9999
1143,Q344,3,0,0,9999,9999
1144,Q345,3,0,0,9999,9999
1145,Q346,3,0,0,9999,9999
1146,Q347,3,0,0,9999,9999
1147,Q348,3,0,0,9999,9999
1148,Q349,3,0,0,9999,9999
1149,Q350,3,0,0,9999,9999
1150,Q351,3,0,0,9999,9999
1151,Q352,3,0,0,9999,9999
1152,Q353,3,0,0,9999,9999
1153,Q354,3,0,0,9999,9999
1154,Q355,3,0,0,9999,9999
1155,Q356,3,0,0,9999,9999
1156,Q357,3,0,0,9999,9999
1157,Q358,3,0,0,9999,9999
1158,Q359,3,0,0,9999,9999
1159,Q360,3,0,0,9999,9999
1160,Q361,3,0,0,9999,9999
1161,Q362,3,0,0,9999,9999
1162,Q363,3,0,0,9999,9999
1163,Q364,3,0,0,9999,9999
1164,Q365,3,0,0,9999,9999
1165,Q366,3,0,0,9999,9999
1166,Q367,3,0,0,9999,9999
1167,Q368,3,0,0,9999,9999
1168,Q369,3,0,0,9999,9999
1169,Q370,3,0,0,9999,9999
1170,Q371,3,0,0,9999,9999
1171,Q372,3,0,0,9999,9999
1172,Q373,3,0,0,9999,9999
1173,Q374,3,0,0,9999,9999
1174,Q375,3,0,0,9999,9999
1175,Q376,3,0,0,9999,9999
1176,Q377,3,0,0,9999,9999
1177,Q378,3,0,0,9999,9999
1178,Q379,3,0,0,9999,9999
1179,Q380,3,0,0,9999,9999
1180,Q381,3,0,0,9999,9999
1181,Q382,3,0,0,9999,9999
1182,Q383,3,0,0,9999,9999
1183,Q384,3,0,0,9999,9999
1184,Q385,3,0,0,9999,9999
1185,Q386,3,0,0,9999,9999
1186,Q387,3,0,0,9999,9999
1187,Q388,3,0,0,9999,9999
1188,Q389,3,0,0,9999,9999
1189,Q390,3,0,0,9999,9999
1190,Q391,3,0,0,9999,9999
1191,Q392,3,0,0,9999,9999
1192,Q393,3,0,0,9999,9999
1193,Q394,3,0,0,9999,9999
1194,Q395,3,0,0,9999,9999
1195,Q396,3,0,0,9999,9999
1196,Q397,3,0,0,9999,9999
1197,Q398,3,0,0,9999,9999
1198,Q399,3,0,0,9999,9999
1199,Q400,3,0,0,9999,9999
1200,Q1,4,0,0,9999,9999
1201,Q2,4,0,0,9999,9999
1202,Q3,4,0,0,9999,9999
1203,Q4,4,0,0,9999,9999
1204,Q5,4,0,0,9999,9999
1205,Q6,4,0,0,9999,9999
1206,Q7,4,0,0,9999,9999
1207,Q8,4,0,0,9999,9999
1208,Q9,4,0,0,9999,9999
1209,Q10,4,0,0,9999,9999
1210,Q11,4,0,0,9999,9999
1211,Q12,4,0,0,9999,9999
1212,Q13,4,0,0,9999,9999
1213,Q14,4,0,0,9999,9999
1214,Q15,4,0,0,9999,9999
1215,Q16,4,0,0,9999,9999
1216,Q17,4,0,0,9999,9999
1217,Q18,4,0,0,9999,9999
1218,Q19,4,0,0,9999,9999
1219,Q20,4,0,0,9999,9999
1220,Q21,4,0,0,9999,9999
1221,Q22,4,0,0,9999,9999
1222,Q23,4,0,0,9999,9999
1223,Q24,4,0,0,9999,9999
1224,Q25,4,0,0,9999,9999
1225,Q26,4,0,0,9999,9999
1226,Q27,4,0,0,9999,9999
1227,Q28,4,0,0,9999,9999
1228,Q29,4,0,0,9999,9999
1229,Q30,4,0,0,9999,9999
1230,Q31,4,0,0,9999,9999
1231,Q32,4,0,0,9999,9999
1232,Q33,4,0,0,9999,9999
1233,Q34,4,0,0,9999,9999
1234,Q35,4,0,0,9999,9999
1235,Q36,4,0,0,9999,9999
1236,Q37,4,0,0,9999,9999
1237,Q38,4,0,0,9999,9999
1238,Q39,4,0,0,9999,9999
1239,Q40,4,0,0,9999,9999
1240,Q41,4,0,0,9999,9999
1241,Q42,4,0,0,9999,9999
1242,Q43,4,0,0,9999,9999
1243,Q44,4,0,0,9999,9999
1244,Q45,4,0,0,9999,9999
1245,Q46,4,0,0,9999,9999
1246,Q47,4,0,0,9999,9999
1247,Q48,4,0,0,9999,9999
1248,Q49,4,0,0,9999,9999
1249,Q50,4,0,0,9999,9999
1250,Q51,4,0,0,9999,9999
1251,Q52,4,0,0,9999,9999
1252,Q53,4,0,0,9999,9999
1253,Q54,4,0,0,9999,9999
1254,Q55,4,0,0,9999,9999
1255,Q56,4,0,0,9999,9999
1256,Q57,4,0,0,9999,9999
1257,Q58,4,0,0,9999,9999
1258,Q59,4,0,0,9999,9999
1259,Q60,4,0,0,9999,9999
1260,Q61,4,0,0,9999,9999
1261,Q62,4,0,0,9999,9999
1262,Q63,4,0,0,9999,9999
1263,Q64,4,0,0,9999,9999
1264,Q65,4,0,0,9999,9999
1265,Q66,4,0,0,9999,9999
1266,Q67,4,0,0,9999,9999
1267,Q68,4,0,0,9999,9999
1268,Q69,4,0,0,9999,9999
1269,Q70,4,0,0,9999,9999
1270,Q71,4,0,0,9999,9999
1271,Q72,4,0,0,9999,9999
1272,Q73,4,0,0,9999,9999
1273,Q74,4,0,0,9999,9999
1274,Q75,4,0,0,9999,9999
1275,Q76,4,0,0,9999,9999
1276,Q77,4,0,0,9999,9999
1277,Q78,4,0,0,9999,9999
1278,Q79,4,0,0,9999,9999
1279,Q80,4,0,0,9999,9999
1280,Q81,4,0,0,9999,9999
1281,Q82,4,0,0,9999,9999
1282,Q83,4,0,0,9999,9999
1283,Q84,4,0,0,9999,9999
1284,Q85,4,0,0,9999,9999
1285,Q86,4,0,0,9999,9999
1286,Q87,4,0,0,9999,9999
1287,Q88,4,0,0,9999,9999
1288,Q89,4,0,0,9999,9999
1289,Q90,4,0,0,9999,9999
1290,Q91,4,0,0,9999,9999
1291,Q92,4,0,0,9999,9999
1292,Q93,4,0,0,9999,9999
1293,Q94,4,0,0,9999,9999
1294,Q95,4,0,0,9999,9999
1295,Q96,4,0,0,9999,9999
1296,Q97,4,0,0,9999,9999
1297,Q98,4,0,0,9999,9999
1298,Q99,4,0,0,9999,9999
1299,Q100,4,0,0,9999,9999
1300,Q101,4,0,0,9999,9999
1301,Q102,4,0,0,9999,9999
1302,Q103,4,0,0,9999,9999
1303,Q104,4,0,0,9999,9999
1304,Q105,4,0,0,9999,9999
1305,Q106,4,0,0,9999,9999
1306,Q107,4,0,0,9999,9999
1307,Q108,4,0,0,9999,9999
1308,Q109,4,0,0,9999,9999
1309,Q110,4,0,0,9999,9999
1310,Q111,4,0,0,9999,9999
1311,Q112,4,0,0,9999,9999
1312,Q113,4,0,0,9999,9999
1313,Q114,4,0,0,9999,9999
1314,Q115,4,0,0,9999,9999
1315,Q116,4,0,0,9999,9999
1316,Q117,4,0,0,9999,9999
1317,Q118,4,0,0,9999,9999
1318,Q119,4,0,0,9999,9999
1319,Q120,4,0,0,9999,9999
1320,Q121,4,0,0,9999,9999
1321,Q122,4,0,0,9999,9999
1322,Q123,4,0,0,9999,9999
1323,Q124,4,0,0,9999,9999
1324,Q125,4,0,0,9999,9999
1325,Q126,4,0,0,9999,9999
1326,Q127,4,0,0,9999,9999
1327,Q128,4,0,0,9999,9999
1328,Q129,4,0,0,9999,9999
1329,Q130,4,0,0,9999,9999
1330,Q131,4,0,0,9999,9999
1331,Q132,4,0,0,9999,9999
1332,Q133,4,0,0,9999,9999
1333,Q134,4,0,0,9999,9999
1334,Q135,4,0,0,9999,9999
1335,Q136,4,0,0,9999,9999
1336,Q137,4,0,0,9999,9999
1337,Q138,4,0,0,9999,9999
1338,Q139,4,0,0,9999,9999
1339,Q140,4,0,0,9999,9999
1340,Q141,4,0,0,9999,9999
1341,Q142,4,0,0,9999,9999
1342,Q143,4,0,0,9999,9999
1343,Q144,4,0,0,9999,9999
1344,Q145,4,0,0,9999,9999
1345,Q146,4,0,0,9999,9999
1346,Q147,4,0,0,9999,9999
1347,Q148,4,0,0,9999,9999
1348,Q149,4,0,0,9999,9999
1349,Q150,4,0,0,9999,9999
1350,Q151,4,0,0,9999,9999
1351,Q152,4,0,0,9999,9999
1352,Q153,4,0,0,9999,9999
1353,Q154,4,0,0,9999,9999
1354,Q155,4,0,0,9999,9999
1355,Q156,4,0,0,9999,9999
1356,Q157,4,0,0,9999,9999
1357,Q158,4,0,0,9999,9999
1358,Q159,4,0,0,9999,9999
1359,Q160,4,0,0,9999,9999
1360,Q161,4,0,0,9999,9999
1361,Q162,4,0,0,9999,9999
1362,Q163,4,0,0,9999,9999
1363,Q164,4,0,0,9999,9999
1364,Q165,4,0,0,9999,9999
1365,Q166,4,0,0,9999,9999
1366,Q167,4,0,0,9999,9999
1367,Q168,4,0,0,9999,9999
1368,Q169,4,0,0,9999,9999
1369,Q170,4,0,0,9999,9999
1370,Q171,4,0,0,9999,9999
1371,Q172,4,0,0,9999,9999
1372,Q173,4,0,0,9999,9999
1373,Q174,4,0,0,9999,9999
1374,Q175,4,0,0,9999,9999
1375,Q176,4,0,0,9999,9999
1376,Q177,4,0,0,9999,9999
1377,Q178,4,0,0,9999,9999
1378,Q179,4,0,0,9999,9999
1379,Q180,4,0,0,9999,9999
1380,Q181,4,0,0,9999,9999
1381,Q182,4,0,0,9999,9999
1382,Q183,4,0,0,9999,9999
1383,Q184,4,0,0,9999,9999
1384,Q185,4,0,0,9999,9999
1385,Q186,4,0,0,9999,9999
1386,Q187,4,0,0,9999,9999
1387,Q188,4,0,0,9999,9999
1388,Q189,4,0,0,9999,9999
1389,Q190,4,0,0,9999,9999
1390,Q191,4,0,0,9999,9999
1391,Q192,4,0,0,9999,9999
1392,Q193,4,0,0,9999,9999
1393,Q194,4,0,0,9999,9999
1394,Q195,4,0,0,9999,9999
1395,Q196,4,0,0,9999,9999
1396,Q197,4,0,0,9999,9999
1397,Q198,4,0,0,9999,9999
1398,Q199,4,0,0,9999,9999
1399,Q200,4,0,0,9999,9999
1400,Q201,4,0,0,9999,9999
1401,Q202,4,0,0,9999,9999
1402,Q203,4,0,0,9999,9999
1403,Q204,4,0,0,9999,9999
1404,Q205,4,0,0,9999,9999
1405,Q206,4,0,0,9999,9999
1406,Q207,4,0,0,9999,9999
1407,Q208,4,0,0,9999,9999
1408,Q209,4,0,0,9999,9999
1409,Q210,4,0,0,9999,9999
1410,Q211,4,0,0,9999,9999
1411,Q212,4,0,0,9999,9999
1412,Q213,4,0,0,9999,9999
1413,Q214,4,0,0,9999,9999
1414,Q215,4,0,0,9999,9999
1415,Q216,4,0,0,9999,9999
1416,Q217,4,0,0,9999,9999
1417,Q218,4,0,0,9999,9999
1418,Q219,4,0,0,9999,9999
1419,Q220,4,0,0,9999,9999
1420,Q221,4,0,0,9999,9999
1421,Q222,4,0,0,9999,9999
1422,Q223,4,0,0,9999,9999
1423,Q224,4,0,0,9999,9999
1424,Q225,4,0,0,9999,9999
1425,Q226,4,0,0,9999,9999
1426,Q227,4,0,0,9999,9999
1427,Q228,4,0,0,9999,9999
1428,Q229,4,0,0,9999,9999
1429,Q230,4,0,0,9999,9999
1430,Q231,4,0,0,9999,9999
1431,Q232,4,0,0,9999,9999
1432,Q233,4,0,0,9999,9999
1433,Q234,4,0,0,9999,9999
1434,Q235,4,0,0,9999,9999
1435,Q236,4,0,0,9999,9999
1436,Q237,4,0,0,9999,9999
1437,Q238,4,0,0,9999,9999
1438,Q239,4,0,0,9999,9999
1439,Q240,4,0,0,9999,9999
1440,Q241,4,0,0,9999,9999
1441,Q242,4,0,0,9999,9999
1442,Q243,4,0,0,9999,9999
1443,Q244,4,0,0,9999,9999
1444,Q245,4,0,0,9999,9999
1445,Q246,4,0,0,9999,9999
1446,Q247,4,0,0,9999,9999
1447,Q248,4,0,0,9999,9999
1448,Q249,4,0,0,9999,9999
1449,Q250,4,0,0,9999,9999
1450,Q251,4,0,0,9999,9999
1451,Q252,4,0,0,9999,9999
1452,Q253,4,0,0,9999,9999
1453,Q254,4,0,0,9999,9999
1454,Q255,4,0,0,9999,9999
1455,Q256,4,0,0,9999,9999
1456,Q257,4,0,0,9999,9999
1457,Q258,4,0,0,9999,9999
1458,Q259,4,0,0,9999,9999
1459,Q260,4,0,0,9999,9999
1460,Q261,4,0,0,9999,9999
1461,Q262,4,0,0,9999,9999
1462,Q263,4,0,0,9999,9999
1463,Q264,4,0,0,9999,9999
1464,Q265,4,0,0,9999,9999
1465,Q266,4,0,0,9999,9999
1466,Q267,4,0,0,9999,9999
1467,Q268,4,0,0,9999,9999
1468,Q269,4,0,0,9999,9999
1469,Q270,4,0,0,9999,9999
1470,Q271,4,0,0,9999,9999
1471,Q272,4,0,0,9999,9999
1472,Q273,4,0,0,9999,9999
1473,Q274,4,0,0,9999,9999
1474,Q275,4,0,0,9999,9999
1475,Q276,4,0,0,9999,9999
1476,Q277,4,0,0,9999,9999
1477,Q278,4,0,0,9999,9999
1478,Q279,4,0,0,9999,9999
1479,Q280,4,0,0,9999,9999
1480,Q281,4,0,0,9999,9999
1481,Q282,4,0,0,9999,9999
1482,Q283,4,0,0,9999,9999
1483,Q284,4,0,0,9999,9999
1484,Q285,4,0,0,9999,9999
1485,Q286,4,0,0,9999,9999
1486,Q287,4,0,0,9999,9999
1487,Q288,4,0,0,9999,9999
1488,Q289,4,0,0,9999,9999
1489,Q290,4,0,0,9999,9999
1490,Q291,4,0,0,9999,9999
1491,Q292,4,0,0,9999,9999
1492,Q293,4,0,0,9999,9999
1493,Q294,4,0,0,9999,9999
1494,Q295,4,0,0,9999,9999
1495,Q296,4,0,0,9999,9999
1496,Q297,4,0,0,9999,9999
1497,Q298,4,0,0,9999,9999
1498,Q299,4,0,0,9999,9999
1499,Q300,4,0,0,9999,9999
1500,Q301,4,0,0,9999,9999
1501,Q302,4,0,0,9999,9999
1502,Q303,4,0,0,9999,9999
1503,Q304,4,0,0,9999,9999
1504,Q305,4,0,0,9999,9999
1505,Q306,4,0,0,9999,9999
1506,Q307,4,0,0,9999,9999
1507,Q308,4,0,0,9999,9999
1508,Q309,4,0,0,9999,9999
1509,Q310,4,0,0,9999,9999
1510,Q311,4,0,0,9999,9999
1511,Q312,4,0,0,9999,9999
1512,Q313,4,0,0,9999,9999
1513,Q314,4,0,0,9999,9999
1514,Q315,4,0,0,9999,9999
1515,Q316,4,0,0,9999,9999
1516,Q317,4,0,0,9999,9999
1517,Q318,4,0,0,9999,9999
1518,Q319,4,0,0,9999,9999
1519,Q320,4,0,0,9999,9999
1520,Q321,4,0,0,9999,9999
1521,Q322,4,0,0,9999,9999
1522,Q323,4,0,0,9999,9999
1523,Q324,4,0,0,9999,9999
1524,Q325,4,0,0,9999,9999
1525,Q326,4,0,0,9999,9999
1526,Q327,4,0,0,9999,9999
1527,Q328,4,0,0,9999,9999
1528,Q329,4,0,0,9999,9999
1529,Q330,4,0,0,9999,9999
1530,Q331,4,0,0,9999,9999
1531,Q332,4,0,0,9999,9999
1532,Q333,4,0,0,9999,9999
1533,Q334,4,0,0,9999,9999
1534,Q335,4,0,0,9999,9999
1535,Q336,4,0,0,9999,9999
1536,Q337,4,0,0,9999,9999
1537,Q338,4,0,0,9999,9999
1538,Q339,4,0,0,9999,9999
1539,Q340,4,0,0,9999,9999
1540,Q341,4,0,0,9999,9999
1541,Q342,4,0,0,9999,9999
1542,Q343,4,0,0,9999,9999
1543,Q344,4,0,0,9999,9999
1544,Q345,4,0,0,9999,9999
1545,Q346,4,0,0,9999,9999
1546,Q347,4,0,0,9999,9999
1547,Q348,4,0,0,9999,9999
1548,Q349,4,0,0,9999,9999
1549,Q350,4,0,0,9999,9999
1550,Q351,4,0,0,9999,9999
1551,Q352,4,0,0,9999,9999
1552,Q353,4,0,0,9999,9999
1553,Q354,4,0,0,9999,9999
1554,Q355,4,0,0,9999,9999
1555,Q356,4,0,0,9999,9999
1556,Q357,4,0,0,9999,9999
1557,Q358,4,0,0,9999,9999
1558,Q359,4,0,0,9999,9999
1559,Q360,4,0,0,9999,9999
1560,Q361,4,0,0,9999,9999
1561,Q362,4,0,0,9999,9999
1562,Q363,4,0,0,9999,9999
1563,Q364,4,0,0,9999,9999
1564,Q365,4,0,0,9999,9999
1565,Q366,4,0,0,9999,9999
1566,Q367,4,0,0,9999,9999
1567,Q368,4,0,0,9999,9999
1568,Q369,4,0,0,9999,9999
1569,Q370,4,0,0,9999,9999
1570,Q371,4,0,0,9999,9999
1571,Q372,4,0,0,9999,9999
1572,Q373,4,0,0,9999,9999
1573,Q374,4,0,0,9999,9999
1574,Q375,4,0,0,9999,9999
1575,Q376,4,0,0,9999,9999
1576,Q377,4,0,0,9999,9999
1577,Q378,4,0,0,9999,9999
1578,Q379,4,0,0,9999,9999
1579,Q380,4,0,0,9999,9999
1580,Q381,4,0,0,9999,9999
1581,Q382,4,0,0,9999,9999
1582,Q383,4,0,0,9999,9999
1583,Q384,4,0,0,9999,9999
1584,Q385,4,0,0,9999,9999
1585,Q386,4,0,0,9999,9999
1586,Q387,4,0,0,9999,9999
1587,Q388,4,0,0,9999,9999
1588,Q389,4,0,0,9999,9999
1589,Q390,4,0,0,9999,9999
1590,Q391,4,0,0,9999,9999
1591,Q392,4,0,0,9999,9999
1592,Q393,4,0,0,9999,9999
1593,Q394,4,0,0,9999,9999
1594,Q395,4,0,0,9999,9999
1595,Q396,4,0,0,9999,9999
1596,Q397,4,0,0,9999,9999
1597,Q398,4,0,0,9999,9999
1598,Q399,4,0,0,9999,9999
1599,Q400,4,0,0,9999,9999
1600,Q1,5,0,0,9999,9999
1601,Q2,5,0,0,9999,9999
1602,Q3,5,0,0,9999,9999
1603,Q4,5,0,0,9999,9999
1604,Q5,5,0,0,9999,9999
1605,Q6,5,0,0,9999,9999
1606,Q7,5,0,0,9999,9999
1607,Q8,5,0,0,9999,9999
1608,Q9,5,0,0,9999,9999
1609,Q10,5,0,0,9999,9999
1610,Q11,5,0,0,9999,9999
1611,Q12,5,0,0,9999,9999
1612,Q13,5,0,0,9999,9999
1613,Q14,5,0,0,9999,9999
1614,Q15,5,0,0,9999,9999
1615,Q16,5,0,0,9999,9999
1616,Q17,5,0,0,9999,9999
1617,Q18,5,0,0,9999,9999
1618,Q19,5,0,0,9999,9999
1619,Q20,5,0,0,9999,9999
1620,Q21,5,0,0,9999,9999
1621,Q22,5,0,0,9999,9999
1622,Q23,5,0,0,9999,9999
1623,Q24,5,0,0,9999,9999
1624,Q25,5,0,0,9999,9999
1625,Q26,5,0,0,9999,9999
1626,Q27,5,0,0,9999,9999
1627,Q28,5,0,0,9999,9999
1628,Q29,5,0,0,9999,9999
1629,Q30,5,0,0,9999,9999
1630,Q31,5,0,0,9999,9999
1631,Q32,5,0,0,9999,9999
1632,Q33,5,0,0,9999,9999
1633,Q34,5,0,0,9999,9999
1634,Q35,5,0,0,9999,9999
1635,Q36,5,0,0,9999,9999
1636,Q37,5,0,0,9999,9999
1637,Q38,5,0,0,9999,9999
1638,Q39,5,0,0,9999,9999
1639,Q40,5,0,0,9999,9999
1640,Q41,5,0,0,9999,9999
1641,Q42,5,0,0,9999,9999
1642,Q43,5,0,0,9999,9999
1643,Q44,5,0,0,9999,9999
1644,Q45,5,0,0,9999,9999
1645,Q46,5,0,0,9999,9999
1646,Q47,5,0,0,9999,9999
1647,Q48,5,0,0,9999,9999
1648,Q49,5,0,0,9999,9999
1649,Q50,5,0,0,9999,9999
1650,Q51,5,0,0,9999,9999
1651,Q52,5,0,0,9999,9999
1652,Q53,5,0,0,9999,9999
1653,Q54,5,0,0,9999,9999
1654,Q55,5,0,0,9999,9999
1655,Q56,5,0,0,9999,9999
1656,Q57,5,0,0,9999,9999
1657,Q58,5,0,0,9999,9999
1658,Q59,5,0,0,9999,9999
1659,Q60,5,0,0,9999,9999
1660,Q61,5,0,0,9999,9999
1661,Q62,5,0,0,9999,9999
1662,Q63,5,0,0,9999,9999
1663,Q64,5,0,0,9999,9999
1664,Q65,5,0,0,9999,9999
1665,Q66,5,0,0,9999,9999
1666,Q67,5,0,0,9999,9999
1667,Q68,5,0,0,9999,9999
1668,Q69,5,0,0,9999,9999
1669,Q70,5,0,0,9999,9999
1670,Q71,5,0,0,9999,9999
1671,Q72,5,0,0,9999,9999
1672,Q73,5,0,0,9999,9999
1673,Q74,5,0,0,9999,9999
1674,Q75,5,0,0,9999,9999
1675,Q76,5,0,0,9999,9999
1676,Q77,5,0,0,9999,9999
1677,Q78,5,0,0,9999,9999
1678,Q79,5,0,0,9999,9999
1679,Q80,5,0,0,9999,9999
1680,Q81,5,0,0,9999,9999
1681,Q82,5,0,0,9999,9999
1682,Q83,5,0,0,9999,9999
1683,Q84,5,0,0,9999,9999
1684,Q85,5,0,0,9999,9999
1685,Q86,5,0,0,9999,9999
1686,Q87,5,0,0,9999,9999
1687,Q88,5,0,0,9999,9999
1688,Q89,5,0,0,9999,9999
1689,Q90,5,0,0,9999,9999
1690,Q91,5,0,0,9999,9999
1691,Q92,5,0,0,9999,9999
1692,Q93,5,0,0,9999,9999
1693,Q94,5,0,0,9999,9999
1694,Q95,5,0,0,9999,9999
1695,Q96,5,0,0,9999,9999
1696,Q97,5,0,0,9999,9999
1697,Q98,5,0,0,9999,9999
1698,Q99,5,0,0,9999,9999
1699,Q100,5,0,0,9999,9999
1700,Q101,5,0,0,9999,9999
1701,Q102,5,0,0,9999,9999
1702,Q103,5,0,0,9999,9999
1703,Q104,5,0,0,9999,9999
1704,Q105,5,0,0,9999,9999
1705,Q106,5,0,0,9999,9999
1706,Q107,5,0,0,9999,9999
1707,Q108,5,0,0,9999,9999
1708,Q109,5,0,0,9999,9999
1709,Q110,5,0,0,9999,9999
1710,Q111,5,0,0,9999,9999
1711,Q112,5,0,0,9999,9999
1712,Q113,5,0,0,9999,9999
1713,Q114,5,0,0,9999,9999
1714,Q115,5,0,0,9999,9999
1715,Q116,5,0,0,9999,9999
1716,Q117,5,0,0,9999,9999
1717,Q118,5,0,0,9999,9999
1718,Q119,5,0,0,9999,9999
1719,Q120,5,0,0,9999,9999
1720,Q121,5,0,0,9999,9999
1721,Q122,5,0,0,9999,9999
1722,Q123,5,0,0,9999,9999
1723,Q124,5,0,0,9999,9999
1724,Q125,5,0,0,9999,9999
1725,Q126,5,0,0,9999,9999
1726,Q127,5,0,0,9999,9999
1727,Q128,5,0,0,9999,9999
1728,Q129,5,0,0,9999,9999
1729,Q130,5,0,0,9999,9999
1730,Q131,5,0,0,9999,9999
1731,Q132,5,0,0,9999,9999
1732,Q133,5,0,0,9999,9999
1733,Q134,5,0,0,9999,9999
1734,Q135,5,0,0,9999,9999
1735,Q136,5,0,0,9999,9999
1736,Q137,5,0,0,9999,9999
1737,Q138,5,0,0,9999,9999
1738,Q139,5,0,0,9999,9999
1739,Q140,5,0,0,9999,9999
1740,Q141,5,0,0,9999,9999
1741,Q142,5,0,0,9999,9999
1742,Q143,5,0,0,9999,9999
1743,Q144,5,0,0,9999,9999
1744,Q145,5,0,0,9999,9999
1745,Q146,5,0,0,9999,9999
1746,Q147,5,0,0,9999,9999
1747,Q148,5,0,0,9999,9999
1748,Q149,5,0,0,9999,9999
1749,Q150,5,0,0,9999,9999
1750,Q151,5,0,0,9999,9999
1751,Q152,5,0,0,9999,9999
1752,Q153,5,0,0,9999,9999
1753,Q154,5,0,0,9999,9999
1754,Q155,5,0,0,9999,9999
1755,Q156,5,0,0,9999,9999
1756,Q157,5,0,0,9999,9999
1757,Q158,5,0,0,9999,9999
1758,Q159,5,0,0,9999,9999
1759,Q160,5,0,0,9999,9999
1760,Q161,5,0,0,9999,9999
1761,Q162,5,0,0,9999,9999
1762,Q163,5,0,0,9999,9999
1763,Q164,5,0,0,9999,9999
1764,Q165,5,0,0,9999,9999
1765,Q166,5,0,0,9999,9999
1766,Q167,5,0,0,9999,9999
1767,Q168,5,0,0,9999,9999
1768,Q169,5,0,0,9999,9999
1769,Q170,5,0,0,9999,9999
1770,Q171,5,0,0,9999,9999
1771,Q172,5,0,0,9999,9999
1772,Q173,5,0,0,9999,9999
1773,Q174,5,0,0,9999,9999
1774,Q175,5,0,0,9999,9999
1775,Q176,5,0,0,9999,9999
1776,Q177,5,0,0,9999,9999
1777,Q178,5,0,0,9999,9999
1778,Q179,5,0,0,9999,9999
1779,Q180,5,0,0,9999,9999
1780,Q181,5,0,0,9999,9999
1781,Q182,5,0,0,9999,9999
1782,Q183,5,0,0,9999,9999
1783,Q184,5,0,0,9999,9999
1784,Q185,5,0,0,9999,9999
1785,Q186,5,0,0,9999,9999
1786,Q187,5,0,0,9999,9999
1787,Q188,5,0,0,9999,9999
1788,Q189,5,0,0,9999,9999
1789,Q190,5,0,0,9999,9999
1790,Q191,5,0,0,9999,9999
1791,Q192,5,0,0,9999,9999
1792,Q193,5,0,0,9999,9999
1793,Q194,5,0,0,9999,9999
1794,Q195,5,0,0,9999,9999
1795,Q196,5,0,0,9999,9999
1796,Q197,5,0,0,9999,9999
1797,Q198,5,0,0,9999,9999
1798,Q199,5,0,0,9999,9999
1799,Q200,5,0,0,9999,9999
1800,Q201,5,0,0,9999,9999
1801,Q202,5,0,0,9999,9999
1802,Q203,5,0,0,9999,9999
1803,Q204,5,0,0,9999,9999
1804,Q205,5,0,0,9999,9999
1805,Q206,5,0,0,9999,9999
1806,Q207,5,0,0,9999,9999
1807,Q208,5,0,0,9999,9999
1808,Q209,5,0,0,9999,9999
1809,Q210,5,0,0,9999,9999
1810,Q211,5,0,0,9999,9999
1811,Q212,5,0,0,9999,9999
1812,Q213,5,0,0,9999,9999
1813,Q214,5,0,0,9999,9999
1814,Q215,5,0,0,9999,9999
1815,Q216,5,0,0,9999,9999
1816,Q217,5,0,0,9999,9999
1817,Q218,5,0,0,9999,9999
1818,Q219,5,0,0,9999,9999
1819,Q220,5,0,0,9999,9999
1820,Q221,5,0,0,9999,9999
1821,Q222,5,0,0,9999,9999
1822,Q223,5,0,0,9999,9999
1823,Q224,5,0,0,9999,9999
1824,Q225,5,0,0,9999,9999
1825,Q226,5,0,0,9999,9999
1826,Q227,5,0,0,9999,9999
1827,Q228,5,0,0,9999,9999
1828,Q229,5,0,0,9999,9999
1829,Q230,5,0,0,9999,9999
1830,Q231,5,0,0,9999,9999
1831,Q232,5,0,0,9999,9999
1832,Q233,5,0,0,9999,9999
1833,Q234,5,0,0,9999,9999
1834,Q235,5,0,0,9999,9999
1835,Q236,5,0,0,9999,9999
1836,Q237,5,0,0,9999,9999
1837,Q238,5,0,0,9999,9999
1838,Q239,5,0,0,9999,9999
1839,Q240,5,0,0,9999,9999
1840,Q241,5,0,0,9999,9999
1841,Q242,5,0,0,9999,9999
1842,Q243,5,0,0,9999,9999
1843,Q244,5,0,0,9999,9999
1844,Q245,5,0,0,9999,9999
1845,Q246,5,0,0,9999,9999
1846,Q247,5,0,0,9999,9999
1847,Q248,5,0,0,9999,9999
1848,Q249,5,0,0,9999,9999
1849,Q250,5,0,0,9999,9999
1850,Q251,5,0,0,9999,9999
1851,Q252,5,0,0,9999,9999
1852,Q253,5,0,0,9999,9999
1853,Q254,5,0,0,9999,9999
1854,Q255,5,0,0,9999,9999
1855,Q256,5,0,0,9999,9999
1856,Q257,5,0,0,9999,9999
1857,Q258,5,0,0,9999,9999
1858,Q259,5,0,0,9999,9999
1859,Q260,5,0,0,9999,9999
1860,Q261,5,0,0,9999,9999
1861,Q262,5,0,0,9999,9999
1862,Q263,5,0,0,9999,9999
1863,Q264,5,0,0,9999,9999
1864,Q265,5,0,0,9999,9999
1865,Q266,5,0,0,9999,9999
1866,Q267,5,0,0,9999,9999
1867,Q268,5,0,0,9999,9999
1868,Q269,5,0,0,9999,9999
1869,Q270,5,0,0,9999,9999
1870,Q271,5,0,0,9999,9999
1871,Q272,5,0,0,9999,9999
1872,Q273,5,0,0,9999,9999
1873,Q274,5,0,0,9999,9999
1874,Q275,5,0,0,9999,9999
1875,Q276,5,0,0,9999,9999
1876,Q277,5,0,0,9999,9999
1877,Q278,5,0,0,9999,9999
1878,Q279,5,0,0,9999,9999
1879,Q280,5,0,0,9999,9999
1880,Q281,5,0,0,9999,9999
1881,Q282,5,0,0,9999,9999
1882,Q283,5,0,0,9999,9999
1883,Q284,5,0,0,9999,9999
1884,Q285,5,0,0,9999,9999
1885,Q286,5,0,0,9999,9999
1886,Q287,5,0,0,9999,9999
1887,Q288,5,0,0,9999,9999
1888,Q289,5,0,0,9999,9999
1889,Q290,5,0,0,9999,9999
1890,Q291,5,0,0,9999,9999
1891,Q292,5,0,0,9999,9999
1892,Q293,5,0,0,9999,9999
1893,Q294,5,0,0,9999,9999
1894,Q295,5,0,0,9999,9999
1895,Q296,5,0,0,9999,9999
1896,Q297,5,0,0,9999,9999
1897,Q298,5,0,0,9999,9999
1898,Q299,5,0,0,9999,9999
1899,Q300,5,0,0,9999,9999
1900,Q301,5,0,0,9999,9999
1901,Q302,5,0,0,9999,9999
1902,Q303,5,0,0,9999,9999
1903,Q304,5,0,0,9999,9999
1904,Q305,5,0,0,9999,9999
1905,Q306,5,0,0,9999,9999
1906,Q307,5,0,0,9999,9999
1907,Q308,5,0,0,9999,9999
1908,Q309,5,0,0,9999,9999
1909,Q310,5,0,0,9999,9999
1910,Q311,5,0,0,9999,9999
1911,Q312,5,0,0,9999,9999
1912,Q313,5,0,0,9999,9999
1913,Q314,5,0,0,9999,9999
1914,Q315,5,0,0,9999,9999
1915,Q316,5,0,0,9999,9999
1916,Q317,5,0,0,9999,9999
1917,Q318,5,0,0,9999,9999
1918,Q319,5,0,0,9999,9999
1919,Q320,5,0,0,9999,9999
1920,Q321,5,0,0,9999,9999
1921,Q322,5,0,0,9999,9999
1922,Q323,5,0,0,9999,9999
1923,Q324,5,0,0,9999,9999
1924,Q325,5,0,0,9999,9999
1925,Q326,5,0,0,9999,9999
1926,Q327,5,0,0,9999,9999
1927,Q328,5,0,0,9999,9999
1928,Q329,5,0,0,9999,9999
1929,Q330,5,0,0,9999,9999
1930,Q331,5,0,0,9999,9999
1931,Q332,5,0,0,9999,9999
1932,Q333,5,0,0,9999,9999
1933,Q334,5,0,0,9999,9999
1934,Q335,5,0,0,9999,9999
1935,Q336,5,0,0,9999,9999
1936,Q337,5,0,0,9999,9999
1937,Q338,5,0,0,9999,9999
1938,Q339,5,0,0,9999,9999
1939,Q340,5,0,0,9999,9999
1940,Q341,5,0,0,9999,9999
1941,Q342,5,0,0,9999,9999
1942,Q343,5,0,0,9999,9999
1943,Q344,5,0,0,9999,9999
1944,Q345,5,0,0,9999,9999
1945,Q346,5,0,0,9999,9999
1946,Q347,5,0,0,9999,9999
1947,Q348,5,0,0,9999,9999
1948,Q349,5,0,0,9999,9999
1949,Q350,5,0,0,9999,9999
1950,Q351,5,0,0,9999,9999
1951,Q352,5,0,0,9999,9999
1952,Q353,5,0,0,9999,9999
1953,Q354,5,0,0,9999,9999
1954,Q355,5,0,0,9999,9999
1955,Q356,5,0,0,9999,9999
1956,Q357,5,0,0,9999,9999
1957,Q358,5,0,0,9999,9999
1958,Q359,5,0,0,9999,9999
1959,Q360,5,0,0,9999,9999
1960,Q361,5,0,0,9999,9999
1961,Q362,5,0,0,9999,9999
1962,Q363,5,0,0,9999,9999
1963,Q364,5,0,0,9999,9999
1964,Q365,5,0,0,9999,9999
1965,Q366,5,0,0,9999,9999
1966,Q367,5,0,0,9999,9999
1967,Q368,5,0,0,9999,9999
1968,Q369,5,0,0,9999,9999
1969,Q370,5,0,0,9999,9999
1970,Q371,5,0,0,9999,9999
1971,Q372,5,0,0,9999,9999
1972,Q373,5,0,0,9999,9999
1973,Q374,5,0,0,9999,9999
1974,Q375,5,0,0,9999,9999
1975,Q376,5,0,0,9999,9999
1976,Q377,5,0,0,9999,9999
1977,Q378,5,0,0,9999,9999
1978,Q379,5,0,0,9999,9999
1979,Q380,5,0,0,9999,9999
1980,Q381,5,0,0,9999,9999
1981,Q382,5,0,0,9999,9999
1982,Q383,5,0,0,9999,9999
1983,Q384,5,0,0,9999,9999
1984,Q385,5,0,0,9999,9999
1985,Q386,5,0,0,9999,9999
1986,Q387,5,0,0,9999,9999
1987,Q388,5,0,0,9999,9999
1988,Q389,5,0,0,9999,9999
1989,Q390,5,0,0,9999,9999
1990,Q391,5,0,0,9999,9999
1991,Q392,5,0,0,9999,9999
1992,Q393,5,0,0,9999,9999
1993,Q394,5,0,0,9999,9999
1994,Q395,5,0,0,9999,9999
1995,Q396,5,0,0,9999,9999
1996,Q397,5,0,0,9999,9999
1997,Q398,5,0,0,9999,9999
1998,Q399,5,0,0,9999,9999
1999,Q400,5,0,0,9999,9999
2000,Q1,6,0,0,9999,9999
2001,Q2,6,0,0,9999,9999
2002,Q3,6,0,0,9999,9999
2003,Q4,6,0,0,9999,9999
2004,Q5,6,0,0,9999,9999
2005,Q6,6,0,0,9999,9999
2006,Q7,6,0,0,9999,9999
2007,Q8,6,0,0,9999,9999
2008,Q9,6,0,0,9999,9999
2009,Q10,6,0,0,9999,9999
2010,Q11,6,0,0,9999,9999
2011,Q12,6,0,0,9999,9999
2012,Q13,6,0,0,9999,9999
2013,Q14,6,0,0,9999,9999
2014,Q15,6,0,0,9999,9999
2015,Q16,6,0,0,9999,9999
2016,Q17,6,0,0,9999,9999
2017,Q18,6,0,0,9999,9999
2018,Q19,6,0,0,9999,9999
2019,Q20,6,0,0,9999,9999
2020,Q21,6,0,0,9999,9999
2021,Q22,6,0,0,9999,9999
2022,Q23,6,0,0,9999,9999
2023,Q24,6,0,0,9999,9999
2024,Q25,6,0,0,9999,9999
2025,Q26,6,0,0,9999,9999
2026,Q27,6,0,0,9999,9999
2027,Q28,6,0,0,9999,9999
2028,Q29,6,0,0,9999,9999
2029,Q30,6,0,0,9999,9999
2030,Q31,6,0,0,9999,9999
2031,Q32,6,0,0,9999,9999
2032,Q33,6,0,0,9999,9999
2033,Q34,6,0,0,9999,9999
2034,Q35,6,0,0,9999,9999
2035,Q36,6,0,0,9999,9999
2036,Q37,6,0,0,9999,9999
2037,Q38,6,0,0,9999,9999
2038,Q39,6,0,0,9999,9999
2039,Q40,6,0,0,9999,9999
2040,Q41,6,0,0,9999,9999
2041,Q42,6,0,0,9999,9999
2042,Q43,6,0,0,9999,9999
2043,Q44,6,0,0,9999,9999
2044,Q45,6,0,0,9999,9999
2045,Q46,6,0,0,9999,9999
2046,Q47,6,0,0,9999,9999
2047,Q48,6,0,0,9999,9999
2048,Q49,6,0,0,9999,9999
2049,Q50,6,0,0,9999,9999
2050,Q51,6,0,0,9999,9999
2051,Q52,6,0,0,9999,9999
2052,Q53,6,0,0,9999,9999
2053,Q54,6,0,0,9999,9999
2054,Q55,6,0,0,9999,9999
2055,Q56,6,0,0,9999,9999
2056,Q57,6,0,0,9999,9999
2057,Q58,6,0,0,9999,9999
2058,Q59,6,0,0,9999,9999
2059,Q60,6,0,0,9999,9999
2060,Q61,6,0,0,9999,9999
2061,Q62,6,0,0,9999,9999
2062,Q63,6,0,0,9999,9999
2063,Q64,6,0,0,9999,9999
2064,Q65,6,0,0,9999,9999
2065,Q66,6,0,0,9999,9999
2066,Q67,6,0,0,9999,9999
2067,Q68,6,0,0,9999,9999
2068,Q69,6,0,0,9999,9999
2069,Q70,6,0,0,9999,9999
2070,Q71,6,0,0,9999,9999
2071,Q72,6,0,0,9999,9999
2072,Q73,6,0,0,9999,9999
2073,Q74,6,0,0,9999,9999
2074,Q75,6,0,0,9999,9999
2075,Q76,6,0,0,9999,9999
2076,Q77,6,0,0,9999,9999
2077,Q78,6,0,0,9999,9999
2078,Q79,6,0,0,9999,9999
2079,Q80,6,0,0,9999,9999
2080,Q81,6,0,0,9999,9999
2081,Q82,6,0,0,9999,9999
2082,Q83,6,0,0,9999,9999
2083,Q84,6,0,0,9999,9999
2084,Q85,6,0,0,9999,9999
2085,Q86,6,0,0,9999,9999
2086,Q87,6,0,0,9999,9999
2087,Q88,6,0,0,9999,9999
2088,Q89,6,0,0,9999,9999
2089,Q90,6,0,0,9999,9999
2090,Q91,6,0,0,9999,9999
2091,Q92,6,0,0,9999,9999
2092,Q93,6,0,0,9999,9999
2093,Q94,6,0,0,9999,9999
2094,Q95,6,0,0,9999,9999
2095,Q96,6,0,0,9999,9999
2096,Q97,6,0,0,9999,9999
2097,Q98,6,0,0,9999,9999
2098,Q99,6,0,0,9999,9999
2099,Q100,6,0,0,9999,9999
2100,Q101,6,0,0,9999,9999
2101,Q102,6,0,0,9999,9999
2102,Q103,6,0,0,9999,9999
2103,Q104,6,0,0,9999,9999
2104,Q105,6,0,0,9999,9999
2105,Q106,6,0,0,9999,9999
2106,Q107,6,0,0,9999,9999
2107,Q108,6,0,0,9999,9999
2108,Q109,6,0,0,9999,9999
2109,Q110,6,0,0,9999,9999
2110,Q111,6,0,0,9999,9999
2111,Q112,6,0,0,9999,9999
2112,Q113,6,0,0,9999,9999
2113,Q114,6,0,0,9999,9999
2114,Q115,6,0,0,9999,9999
2115,Q116,6,0,0,9999,9999
2116,Q117,6,0,0,9999,9999
2117,Q118,6,0,0,9999,9999
2118,Q119,6,0,0,9999,9999
2119,Q120,6,0,0,9999,9999
2120,Q121,6,0,0,9999,9999
2121,Q122,6,0,0,9999,9999
2122,Q123,6,0,0,9999,9999
2123,Q124,6,0,0,9999,9999
2124,Q125,6,0,0,9999,9999
2125,Q126,6,0,0,9999,9999
2126,Q127,6,0,0,9999,9999
2127,Q128,6,0,0,9999,9999
2128,Q129,6,0,0,9999,9999
2129,Q130,6,0,0,9999,9999
2130,Q131,6,0,0,9999,9999
2131,Q132,6,0,0,9999,9999
2132,Q133,6,0,0,9999,9999
2133,Q134,6,0,0,9999,9999
2134,Q135,6,0,0,9999,9999
2135,Q136,6,0,0,9999,9999
2136,Q137,6,0,0,9999,9999
2137,Q138,6,0,0,9999,9999
2138,Q139,6,0,0,9999,9999
2139,Q140,6,0,0,9999,9999
2140,Q141,6,0,0,9999,9999
2141,Q142,6,0,0,9999,9999
2142,Q143,6,0,0,9999,9999
2143,Q144,6,0,0,9999,9999
2144,Q145,6,0,0,9999,9999
2145,Q146,6,0,0,9999,9999
2146,Q147,6,0,0,9999,9999
2147,Q148,6,0,0,9999,9999
2148,Q149,6,0,0,9999,9999
2149,Q150,6,0,0,9999,9999
2150,Q151,6,0,0,9999,9999
2151,Q152,6,0,0,9999,9999
2152,Q153,6,0,0,9999,9999
2153,Q154,6,0,0,9999,9999
2154,Q155,6,0,0,9999,9999
2155,Q156,6,0,0,9999,9999
2156,Q157,6,0,0,9999,9999
2157,Q158,6,0,0,9999,9999
2158,Q159,6,0,0,9999,9999
2159,Q160,6,0,0,9999,9999
2160,Q161,6,0,0,9999,9999
2161,Q162,6,0,0,9999,9999
2162,Q163,6,0,0,9999,9999
2163,Q164,6,0,0,9999,9999
2164,Q165,6,0,0,9999,9999
2165,Q166,6,0,0,9999,9999
2166,Q167,6,0,0,9999,9999
2167,Q168,6,0,0,9999,9999
2168,Q169,6,0,0,9999,9999
2169,Q170,6,0,0,9999,9999
2170,Q171,6,0,0,9999,9999
2171,Q172,6,0,0,9999,9999
2172,Q173,6,0,0,9999,9999
2173,Q174,6,0,0,9999,9999
2174,Q175,6,0,0,9999,9999
2175,Q176,6,0,0,9999,9999
2176,Q177,6,0,0,9999,9999
2177,Q178,6,0,0,9999,9999
2178,Q179,6,0,0,9999,9999
2179,Q180,6,0,0,9999,9999
2180,Q181,6,0,0,9999,9999
2181,Q182,6,0,0,9999,9999
2182,Q183,6,0,0,9999,9999
2183,Q184,6,0,0,9999,9999
2184,Q185,6,0,0,9999,9999
2185,Q186,6,0,0,9999,9999
2186,Q187,6,0,0,9999,9999
2187,Q188,6,0,0,9999,9999
2188,Q189,6,0,0,9999,9999
2189,Q190,6,0,0,9999,9999
2190,Q191,6,0,0,9999,9999
2191,Q192,6,0,0,9999,9999
2192,Q193,6,0,0,9999,9999
2193,Q194,6,0,0,9999,9999
2194,Q195,6,0,0,9999,9999
2195,Q196,6,0,0,9999,9999
2196,Q197,6,0,0,9999,9999
2197,Q198,6,0,0,9999,9999
2198,Q199,6,0,0,9999,9999
2199,Q200,6,0,0,9999,9999
2200,Q201,6,0,0,9999,9999
2201,Q202,6,0,0,9999,9999
2202,Q203,6,0,0,9999,9999
2203,Q204,6,0,0,9999,9999
2204,Q205,6,0,0,9999,9999
2205,Q206,6,0,0,9999,9999
2206,Q207,6,0,0,9999,9999
2207,Q208,6,0,0,9999,9999
2208,Q209,6,0,0,9999,9999
2209,Q210,6,0,0,9999,9999
2210,Q211,6,0,0,9999,9999
2211,Q212,6,0,0,9999,9999
2212,Q213,6,0,0,9999,9999
2213,Q214,6,0,0,9999,9999
2214,Q215,6,0,0,9999,9999
2215,Q216,6,0,0,9999,9999
2216,Q217,6,0,0,9999,9999
2217,Q218,6,0,0,9999,9999
2218,Q219,6,0,0,9999,9999
2219,Q220,6,0,0,9999,9999
2220,Q221,6,0,0,9999,9999
2221,Q222,6,0,0,9999,9999
2222,Q223,6,0,0,9999,9999
2223,Q224,6,0,0,9999,9999
2224,Q225,6,0,0,9999,9999
2225,Q226,6,0,0,9999,9999
2226,Q227,6,0,0,9999,9999
2227,Q228,6,0,0,9999,9999
2228,Q229,6,0,0,9999,9999
2229,Q230,6,0,0,9999,9999
2230,Q231,6,0,0,9999,9999
2231,Q232,6,0,0,9999,9999
2232,Q233,6,0,0,9999,9999
2233,Q234,6,0,0,9999,9999
2234,Q235,6,0,0,9999,9999
2235,Q236,6,0,0,9999,9999
2236,Q237,6,0,0,9999,9999
2237,Q238,6,0,0,9999,9999
2238,Q239,6,0,0,9999,9999
2239,Q240,6,0,0,9999,9999
2240,Q241,6,0,0,9999,9999
2241,Q242,6,0,0,9999,9999
2242,Q243,6,0,0,9999,9999
2243,Q244,6,0,0,9999,9999
2244,Q245,6,0,0,9999,9999
2245,Q246,6,0,0,9999,9999
2246,Q247,6,0,0,9999,9999
2247,Q248,6,0,0,9999,9999
2248,Q249,6,0,0,9999,9999
2249,Q250,6,0,0,9999,9999
2250,Q251,6,0,0,9999,9999
2251,Q252,6,0,0,9999,9999
2252,Q253,6,0,0,9999,9999
2253,Q254,6,0,0,9999,9999
2254,Q255,6,0,0,9999,9999
2255,Q256,6,0,0,9999,9999
2256,Q257,6,0,0,9999,9999
2257,Q258,6,0,0,9999,9999
2258,Q259,6,0,0,9999,9999
2259,Q260,6,0,0,9999,9999
2260,Q261,6,0,0,9999,9999
2261,Q262,6,0,0,9999,9999
2262,Q263,6,0,0,9999,9999
2263,Q264,6,0,0,9999,9999
2264,Q265,6,0,0,9999,9999
2265,Q266,6,0,0,9999,9999
2266,Q267,6,0,0,9999,9999
2267,Q268,6,0,0,9999,9999
2268,Q269,6,0,0,9999,9999
2269,Q270,6,0,0,9999,9999
2270,Q271,6,0,0,9999,9999
2271,Q272,6,0,0,9999,9999
2272,Q273,6,0,0,9999,9999
2273,Q274,6,0,0,9999,9999
2274,Q275,6,0,0,9999,9999
2275,Q276,6,0,0,9999,9999
2276,Q277,6,0,0,9999,9999
2277,Q278,6,0,0,9999,9999
2278,Q279,6,0,0,9999,9999
2279,Q280,6,0,0,9999,9999
2280,Q281,6,0,0,9999,9999
2281,Q282,6,0,0,9999,9999
2282,Q283,6,0,0,9999,9999
2283,Q284,6,0,0,9999,9999
2284,Q285,6,0,0,9999,9999
2285,Q286,6,0,0,9999,9999
2286,Q287,6,0,0,9999,9999
2287,Q288,6,0,0,9999,9999
2288,Q289,6,0,0,9999,9999
2289,Q290,6,0,0,9999,9999
2290,Q291,6,0,0,9999,9999
2291,Q292,6,0,0,9999,9999
2292,Q293,6,0,0,9999,9999
2293,Q294,6,0,0,9999,9999
2294,Q295,6,0,0,9999,9999
2295,Q296,6,0,0,9999,9999
2296,Q297,6,0,0,9999,9999
2297,Q298,6,0,0,9999,9999
2298,Q299,6,0,0,9999,9999
2299,Q300,6,0,0,9999,9999
2300,Q301,6,0,0,9999,9999
2301,Q302,6,0,0,9999,9999
2302,Q303,6,0,0,9999,9999
2303,Q304,6,0,0,9999,9999
2304,Q305,6,0,0,9999,9999
2305,Q306,6,0,0,9999,9999
2306,Q307,6,0,0,9999,9999
2307,Q308,6,0,0,9999,9999
2308,Q309,6,0,0,9999,9999
2309,Q310,6,0,0,9999,9999
2310,Q311,6,0,0,9999,9999
2311,Q312,6,0,0,9999,9999
2312,Q313,6,0,0,9999,9999
2313,Q314,6,0,0,9999,9999
2314,Q315,6,0,0,9999,9999
2315,Q316,6,0,0,9999,9999
2316,Q317,6,0,0,9999,9999
2317,Q318,6,0,0,9999,9999
2318,Q319,6,0,0,9999,9999
2319,Q320,6,0,0,9999,9999
2320,Q321,6,0,0,9999,9999
2321,Q322,6,0,0,9999,9999
2322,Q323,6,0,0,9999,9999
2323,Q324,6,0,0,9999,9999
2324,Q325,6,0,0,9999,9999
2325,Q326,6,0,0,9999,9999
2326,Q327,6,0,0,9999,9999
2327,Q328,6,0,0,9999,9999
2328,Q329,6,0,0,9999,9999
2329,Q330,6,0,0,9999,9999
2330,Q331,6,0,0,9999,9999
2331,Q332,6,0,0,9999,9999
2332,Q333,6,0,0,9999,9999
2333,Q334,6,0,0,9999,9999
2334,Q335,6,0,0,9999,9999
2335,Q336,6,0,0,9999,9999
2336,Q337,6,0,0,9999,9999
2337,Q338,6,0,0,9999,9999
2338,Q339,6,0,0,9999,9999
2339,Q340,6,0,0,9999,9999
2340,Q341,6,0,0,9999,9999
2341,Q342,6,0,0,9999,9999
2342,Q343,6,0,0,9999,9999
2343,Q344,6,0,0,9999,9999
2344,Q345,6,0,0,9999,9999
2345,Q346,6,0,0,9999,9999
2346,Q347,6,0,0,9999,9999
2347,Q348,6,0,0,9999,9999
2348,Q349,6,0,0,9999,9999
2349,Q350,6,0,0,9999,9999
2350,Q351,6,0,0,9999,9999
2351,Q352,6,0,0,9999,9999
2352,Q353,6,0,0,9999,9999
2353,Q354,6,0,0,9999,9999
2354,Q355,6,0,0,9999,9999
2355,Q356,6,0,0,9999,9999
2356,Q357,6,0,0,9999,9999
2357,Q358,6,0,0,9999,9999
2358,Q359,6,0,0,9999,9999
2359,Q360,6,0,0,9999,9999
2360,Q361,6,0,0,9999,9999
2361,Q362,6,0,0,9999,9999
2362,Q363,6,0,0,9999,9999
2363,Q364,6,0,0,9999,9999
2364,Q365,6,0,0,9999,9999
2365,Q366,6,0,0,9999,9999
2366,Q367,6,0,0,9999,9999
2367,Q368,6,0,0,9999,9999
2368,Q369,6,0,0,9999,9999
2369,Q370,6,0,0,9999,9999
2370,Q371,6,0,0,9999,9999
2371,Q372,6,0,0,9999,9999
2372,Q373,6,0,0,9999,9999
2373,Q374,6,0,0,9999,9999
2374,Q375,6,0,0,9999,9999
2375,Q376,6,0,0,9999,9999
2376,Q377,6,0,0,9999,9999
2377,Q378,6,0,0,9999,9999
2378,Q379,6,0,0,9999,9999
2379,Q380,6,0,0,9999,9999
2380,Q381,6,0,0,9999,9999
2381,Q382,6,0,0,9999,9999
2382,Q383,6,0,0,9999,9999
2383,Q384,6,0,0,9999,9999
2384,Q385,6,0,0,9999,9999
2385,Q386,6,0,0,9999,9999
2386,Q387,6,0,0,9999,9999
2387,Q388,6,0,0,9999,9999
2388,Q389,6,0,0,9999,9999
2389,Q390,6,0,0,9999,9999
2390,Q391,6,0,0,9999,9999
2391,Q392,6,0,0,9999,9999
2392,Q393,6,0,0,9999,9999
2393,Q394,6,0,0,9999,9999
2394,Q395,6,0,0,9999,9999
2395,Q396,6,0,0,9999,9999
2396,Q397,6,0,0,9999,9999
2397,Q398,6,0,0,9999,9999
2398,Q399,6,0,0,9999,9999
2399,Q400,6,0,0,9999,9999
2400,Q1,7,0,0,9999,9999
2401,Q2,7,0,0,9999,9999
2402,Q3,7,0,0,9999,9999
2403,Q4,7,0,0,9999,9999
2404,Q5,7,0,0,9999,9999
2405,Q6,7,0,0,9999,9999
2406,Q7,7,0,0,9999,9999
2407,Q8,7,0,0,9999,9999
2408,Q9,7,0,0,9999,9999
2409,Q10,7,0,0,9999,9999
2410,Q11,7,0,0,9999,9999
2411,Q12,7,0,0,9999,9999
2412,Q13,7,0,0,9999,9999
2413,Q14,7,0,0,9999,9999
2414,Q15,7,0,0,9999,9999
2415,Q16,7,0,0,9999,9999
2416,Q17,7,0,0,9999,9999
2417,Q18,7,0,0,9999,9999
2418,Q19,7,0,0,9999,9999
2419,Q20,7,0,0,9999,9999
2420,Q21,7,0,0,9999,9999
2421,Q22,7,0,0,9999,9999
2422,Q23,7,0,0,9999,9999
2423,Q24,7,0,0,9999,9999
2424,Q25,7,0,0,9999,9999
2425,Q26,7,0,0,9999,9999
2426,Q27,7,0,0,9999,9999
2427,Q28,7,0,0,9999,9999
2428,Q29,7,0,0,9999,9999
2429,Q30,7,0,0,9999,9999
2430,Q31,7,0,0,9999,9999
2431,Q32,7,0,0,9999,9999
2432,Q33,7,0,0,9999,9999
2433,Q34,7,0,0,9999,9999
2434,Q35,7,0,0,9999,9999
2435,Q36,7,0,0,9999,9999
2436,Q37,7,0,0,9999,9999
2437,Q38,7,0,0,9999,9999
2438,Q39,7,0,0,9999,9999
2439,Q40,7,0,0,9999,9999
2440,Q41,7,0,0,9999,9999
2441,Q42,7,0,0,9999,9999
2442,Q43,7,0,0,9999,9999
2443,Q44,7,0,0,9999,9999
2444,Q45,7,0,0,9999,9999
2445,Q46,7,0,0,9999,9999
2446,Q47,7,0,0,9999,9999
2447,Q48,7,0,0,9999,9999
2448,Q49,7,0,0,9999,9999
2449,Q50,7,0,0,9999,9999
2450,Q51,7,0,0,9999,9999
2451,Q52,7,0,0,9999,9999
2452,Q53,7,0,0,9999,9999
2453,Q54,7,0,0,9999,9999
2454,Q55,7,0,0,9999,9999
2455,Q56,7,0,0,9999,9999
2456,Q57,7,0,0,9999,9999
2457,Q58,7,0,0,9999,9999
2458,Q59,7,0,0,9999,9999
2459,Q60,7,0,0,9999,9999
2460,Q61,7,0,0,9999,9999
2461,Q62,7,0,0,9999,9999
2462,Q63,7,0,0,9999,9999
2463,Q64,7,0,0,9999,9999
2464,Q65,7,0,0,9999,9999
2465,Q66,7,0,0,9999,9999
2466,Q67,7,0,0,9999,9999
2467,Q68,7,0,0,9999,9999
2468,Q69,7,0,0,9999,9999
2469,Q70,7,0,0,9999,9999
2470,Q71,7,0,0,9999,9999
2471,Q72,7,0,0,9999,9999
2472,Q73,7,0,0,9999,9999
2473,Q74,7,0,0,9999,9999
2474,Q75,7,0,0,9999,9999
2475,Q76,7,0,0,9999,9999
2476,Q77,7,0,0,9999,9999
2477,Q78,7,0,0,9999,9999
2478,Q79,7,0,0,9999,9999
2479,Q80,7,0,0,9999,9999
2480,Q81,7,0,0,9999,9999
2481,Q82,7,0,0,9999,9999
2482,Q83,7,0,0,9999,9999
2483,Q84,7,0,0,9999,9999
2484,Q85,7,0,0,9999,9999
2485,Q86,7,0,0,9999,9999
2486,Q87,7,0,0,9999,9999
2487,Q88,7,0,0,9999,9999
2488,Q89,7,0,0,9999,9999
2489,Q90,7,0,0,9999,9999
2490,Q91,7,0,0,9999,9999
2491,Q92,7,0,0,9999,9999
2492,Q93,7,0,0,9999,9999
2493,Q94,7,0,0,9999,9999
2494,Q95,7,0,0,9999,9999
2495,Q96,7,0,0,9999,9999
2496,Q97,7,0,0,9999,9999
2497,Q98,7,0,0,9999,9999
2498,Q99,7,0,0,9999,9999
2499,Q100,7,0,0,9999,9999
2500,Q101,7,0,0,9999,9999
2501,Q102,7,0,0,9999,9999
2502,Q103,7,0,0,9999,9999
2503,Q104,7,0,0,9999,9999
2504,Q105,7,0,0,9999,9999
2505,Q106,7,0,0,9999,9999
2506,Q107,7,0,0,9999,9999
2507,Q108,7,0,0,9999,9999
2508,Q109,7,0,0,9999,9999
2509,Q110,7,0,0,9999,9999
2510,Q111,7,0,0,9999,9999
2511,Q112,7,0,0,9999,9999
2512,Q113,7,0,0,9999,9999
2513,Q114,7,0,0,9999,9999
2514,Q115,7,0,0,9999,9999
2515,Q116,7,0,0,9999,9999
2516,Q117,7,0,0,9999,9999
2517,Q118,7,0,0,9999,9999
2518,Q119,7,0,0,9999,9999
2519,Q120,7,0,0,9999,9999
2520,Q121,7,0,0,9999,9999
2521,Q122,7,0,0,9999,9999
2522,Q123,7,0,0,9999,9999
2523,Q124,7,0,0,9999,9999
2524,Q125,7,0,0,9999,9999
2525,Q126,7,0,0,9999,9999
2526,Q127,7,0,0,9999,9999
2527,Q128,7,0,0,9999,9999
2528,Q129,7,0,0,9999,9999
2529,Q130,7,0,0,9999,9999
2530,Q131,7,0,0,9999,9999
2531,Q132,7,0,0,9999,9999
2532,Q133,7,0,0,9999,9999
2533,Q134,7,0,0,9999,9999
2534,Q135,7,0,0,9999,9999
2535,Q136,7,0,0,9999,9999
2536,Q137,7,0,0,9999,9999
2537,Q138,7,0,0,9999,9999
2538,Q139,7,0,0,9999,9999
2539,Q140,7,0,0,9999,9999
2540,Q141,7,0,0,9999,9999
2541,Q142,7,0,0,9999,9999
2542,Q143,7,0,0,9999,9999
2543,Q144,7,0,0,9999,9999
2544,Q145,7,0,0,9999,9999
2545,Q146,7,0,0,9999,9999
2546,Q147,7,0,0,9999,9999
2547,Q148,7,0,0,9999,9999
2548,Q149,7,0,0,9999,9999
2549,Q150,7,0,0,9999,9999
2550,Q151,7,0,0,9999,9999
2551,Q152,7,0,0,9999,9999
2552,Q153,7,0,0,9999,9999
2553,Q154,7,0,0,9999,9999
2554,Q155,7,0,0,9999,9999
2555,Q156,7,0,0,9999,9999
2556,Q157,7,0,0,9999,9999
2557,Q158,7,0,0,9999,9999
2558,Q159,7,0,0,9999,9999
2559,Q160,7,0,0,9999,9999
2560,Q161,7,0,0,9999,9999
2561,Q162,7,0,0,9999,9999
2562,Q163,7,0,0,9999,9999
2563,Q164,7,0,0,9999,9999
2564,Q165,7,0,0,9999,9999
2565,Q166,7,0,0,9999,9999
2566,Q167,7,0,0,9999,9999
2567,Q168,7,0,0,9999,9999
2568,Q169,7,0,0,9999,9999
2569,Q170,7,0,0,9999,9999
2570,Q171,7,0,0,9999,9999
2571,Q172,7,0,0,9999,9999
2572,Q173,7,0,0,9999,9999
2573,Q174,7,0,0,9999,9999
2574,Q175,7,0,0,9999,9999
2575,Q176,7,0,0,9999,9999
2576,Q177,7,0,0,9999,9999
2577,Q178,7,0,0,9999,9999
2578,Q179,7,0,0,9999,9999
2579,Q180,7,0,0,9999,9999
2580,Q181,7,0,0,9999,9999
2581,Q182,7,0,0,9999,9999
2582,Q183,7,0,0,9999,9999
2583,Q184,7,0,0,9999,9999
2584,Q185,7,0,0,9999,9999
2585,Q186,7,0,0,9999,9999
2586,Q187,7,0,0,9999,9999
2587,Q188,7,0,0,9999,9999
2588,Q189,7,0,0,9999,9999
2589,Q190,7,0,0,9999,9999
2590,Q191,7,0,0,9999,9999
2591,Q192,7,0,0,9999,9999
2592,Q193,7,0,0,9999,9999
2593,Q194,7,0,0,9999,9999
2594,Q195,7,0,0,9999,9999
2595,Q196,7,0,0,9999,9999
2596,Q197,7,0,0,9999,9999
2597,Q198,7,0,0,9999,9999
2598,Q199,7,0,0,9999,9999
2599,Q200,7,0,0,9999,9999
2600,Q201,7,0,0,9999,9999
2601,Q202,7,0,0,9999,9999
2602,Q203,7,0,0,9999,9999
2603,Q204,7,0,0,9999,9999
2604,Q205,7,0,0,9999,9999
2605,Q206,7,0,0,9999,9999
2606,Q207,7,0,0,9999,9999
2607,Q208,7,0,0,9999,9999
2608,Q209,7,0,0,9999,9999
2609,Q210,7,0,0,9999,9999
2610,Q211,7,0,0,9999,9999
2611,Q212,7,0,0,9999,9999
2612,Q213,7,0,0,9999,9999
2613,Q214,7,0,0,9999,9999
2614,Q215,7,0,0,9999,9999
2615,Q216,7,0,0,9999,9999
2616,Q217,7,0,0,9999,9999
2617,Q218,7,0,0,9999,9999
2618,Q219,7,0,0,9999,9999
2619,Q220,7,0,0,9999,9999
2620,Q221,7,0,0,9999,9999
2621,Q222,7,0,0,9999,9999
2622,Q223,7,0,0,9999,9999
2623,Q224,7,0,0,9999,9999
2624,Q225,7,0,0,9999,9999
2625,Q226,7,0,0,9999,9999
2626,Q227,7,0,0,9999,9999
2627,Q228,7,0,0,9999,9999
2628,Q229,7,0,0,9999,9999
2629,Q230,7,0,0,9999,9999
2630,Q231,7,0,0,9999,9999
2631,Q232,7,0,0,9999,9999
2632,Q233,7,0,0,9999,9999
2633,Q234,7,0,0,9999,9999
2634,Q235,7,0,0,9999,9999
2635,Q236,7,0,0,9999,9999
2636,Q237,7,0,0,9999,9999
2637,Q238,7,0,0,9999,9999
2638,Q239,7,0,0,9999,9999
2639,Q240,7,0,0,9999,9999
2640,Q241,7,0,0,9999,9999
2641,Q242,7,0,0,9999,9999
2642,Q243,7,0,0,9999,9999
2643,Q244,7,0,0,9999,9999
2644,Q245,7,0,0,9999,9999
2645,Q246,7,0,0,9999,9999
2646,Q247,7,0,0,9999,9999
2647,Q248,7,0,0,9999,9999
2648,Q249,7,0,0,9999,9999
2649,Q250,7,0,0,9999,9999
2650,Q251,7,0,0,9999,9999
2651,Q252,7,0,0,9999,9999
2652,Q253,7,0,0,9999,9999
2653,Q254,7,0,0,9999,9999
2654,Q255,7,0,0,9999,9999
2655,Q256,7,0,0,9999,9999
2656,Q257,7,0,0,9999,9999
2657,Q258,7,0,0,9999,9999
2658,Q259,7,0,0,9999,9999
2659,Q260,7,0,0,9999,9999
2660,Q261,7,0,0,9999,9999
2661,Q262,7,0,0,9999,9999
2662,Q263,7,0,0,9999,9999
2663,Q264,7,0,0,9999,9999
2664,Q265,7,0,0,9999,9999
2665,Q266,7,0,0,9999,9999
2666,Q267,7,0,0,9999,9999
2667,Q268,7,0,0,9999,9999
2668,Q269,7,0,0,9999,9999
2669,Q270,7,0,0,9999,9999
2670,Q271,7,0,0,9999,9999
2671,Q272,7,0,0,9999,9999
2672,Q273,7,0,0,9999,9999
2673,Q274,7,0,0,9999,9999
2674,Q275,7,0,0,9999,9999
2675,Q276,7,0,0,9999,9999
2676,Q277,7,0,0,9999,9999
2677,Q278,7,0,0,9999,9999
2678,Q279,7,0,0,9999,9999
2679,Q280,7,0,0,9999,9999
2680,Q281,7,0,0,9999,9999
2681,Q282,7,0,0,9999,9999
2682,Q283,7,0,0,9999,9999
2683,Q284,7,0,0,9999,9999
2684,Q285,7,0,0,9999,9999
2685,Q286,7,0,0,9999,9999
2686,Q287,7,0,0,9999,9999
2687,Q288,7,0,0,9999,9999
2688,Q289,7,0,0,9999,9999
2689,Q290,7,0,0,9999,9999
2690,Q291,7,0,0,9999,9999
2691,Q292,7,0,0,9999,9999
2692,Q293,7,0,0,9999,9999
2693,Q294,7,0,0,9999,9999
2694,Q295,7,0,0,9999,9999
2695,Q296,7,0,0,9999,9999
2696,Q297,7,0,0,9999,9999
2697,Q298,7,0,0,9999,9999
2698,Q299,7,0,0,9999,9999
2699,Q300,7,0,0,9999,9999
2700,Q301,7,0,0,9999,9999
2701,Q302,7,0,0,9999,9999
2702,Q303,7,0,0,9999,9999
2703,Q304,7,0,0,9999,9999
2704,Q305,7,0,0,9999,9999
2705,Q306,7,0,0,9999,9999
2706,Q307,7,0,0,9999,9999
2707,Q308,7,0,0,9999,9999
2708,Q309,7,0,0,9999,9999
2709,Q310,7,0,0,9999,9999
2710,Q311,7,0,0,9999,9999
2711,Q312,7,0,0,9999,9999
2712,Q313,7,0,0,9999,9999
2713,Q314,7,0,0,9999,9999
2714,Q315,7,0,0,9999,9999
2715,Q316,7,0,0,9999,9999
2716,Q317,7,0,0,9999,9999
2717,Q318,7,0,0,9999,9999
2718,Q319,7,0,0,9999,9999
2719,Q320,7,0,0,9999,9999
2720,Q321,7,0,0,9999,9999
2721,Q322,7,0,0,9999,9999
2722,Q323,7,0,0,9999,9999
2723,Q324,7,0,0,9999,9999
2724,Q325,7,0,0,9999,9999
2725,Q326,7,0,0,9999,9999
2726,Q327,7,0,0,9999,9999
2727,Q328,7,0,0,9999,9999
2728,Q329,7,0,0,9999,9999
2729,Q330,7,0,0,9999,9999
2730,Q331,7,0,0,9999,9999
2731,Q332,7,0,0,9999,9999
2732,Q333,7,0,0,9999,9999
2733,Q334,7,0,0,9999,9999
2734,Q335,7,0,0,9999,9999
2735,Q336,7,0,0,9999,9999
2736,Q337,7,0,0,9999,9999
2737,Q338,7,0,0,9999,9999
2738,Q339,7,0,0,9999,9999
2739,Q340,7,0,0,9999,9999
2740,Q341,7,0,0,9999,9999
2741,Q342,7,0,0,9999,9999
2742,Q343,7,0,0,9999,9999
2743,Q344,7,0,0,9999,9999
2744,Q345,7,0,0,9999,9999
2745,Q346,7,0,0,9999,9999
2746,Q347,7,0,0,9999,9999
2747,Q348,7,0,0,9999,9999
2748,Q349,7,0,0,9999,9999
2749,Q350,7,0,0,9999,9999
2750,Q351,7,0,0,9999,9999
2751,Q352,7,0,0,9999,9999
2752,Q353,7,0,0,9999,9999
2753,Q354,7,0,0,9999,9999
2754,Q355,7,0,0,9999,9999
2755,Q356,7,0,0,9999,9999
2756,Q357,7,0,0,9999,9999
2757,Q358,7,0,0,9999,9999
2758,Q359,7,0,0,9999,9999
2759,Q360,7,0,0,9999,9999
2760,Q361,7,0,0,9999,9999
2761,Q362,7,0,0,9999,9999
2762,Q363,7,0,0,9999,9999
2763,Q364,7,0,0,9999,9999
2764,Q365,7,0,0,9999,9999
2765,Q366,7,0,0,9999,9999
2766,Q367,7,0,0,9999,9999
2767,Q368,7,0,0,9999,9999
2768,Q369,7,0,0,9999,9999
2769,Q370,7,0,0,9999,9999
2770,Q371,7,0,0,9999,9999
2771,Q372,7,0,0,9999,9999
2772,Q373,7,0,0,9999,9999
2773,Q374,7,0,0,9999,9999
2774,Q375,7,0,0,9999,9999
2775,Q376,7,0,0,9999,9999
2776,Q377,7,0,0,9999,9999
2777,Q378,7,0,0,9999,9999
2778,Q379,7,0,0,9999,9999
2779,Q380,7,0,0,9999,9999
2780,Q381,7,0,0,9999,9999
2781,Q382,7,0,0,9999,9999
2782,Q383,7,0,0,9999,9999
2783,Q384,7,0,0,9999,9999
2784,Q385,7,0,0,9999,9999
2785,Q386,7,0,0,9999,9999
2786,Q387,7,0,0,9999,9999
2787,Q388,7,0,0,9999,9999
2788,Q389,7,0,0,9999,9999
2789,Q390,7,0,0,9999,9999
2790,Q391,7,0,0,9999,9999
2791,Q392,7,0,0,9999,9999
2792,Q393,7,0,0,9999,9999
2793,Q394,7,0,0,9999,9999
2794,Q395,7,0,0,9999,9999
2795,Q396,7,0,0,9999,9999
2796,Q397,7,0,0,9999,9999
2797,Q398,7,0,0,9999,9999
2798,Q399,7,0,0,9999,9999
2799,Q400,7,0,0,9999,9999
2800,Q1,8,0,0,9999,9999
2801,Q2,8,0,0,9999,9999
2802,Q3,8,0,0,9999,9999
2803,Q4,8,0,0,9999,9999
2804,Q5,8,0,0,9999,9999
2805,Q6,8,0,0,9999,9999
2806,Q7,8,0,0,9999,9999
2807,Q8,8,0,0,9999,9999
2808,Q9,8,0,0,9999,9999
2809,Q10,8,0,0,9999,9999
2810,Q11,8,0,0,9999,9999
2811,Q12,8,0,0,9999,9999
2812,Q13,8,0,0,9999,9999
2813,Q14,8,0,0,9999,9999
2814,Q15,8,0,0,9999,9999
2815,Q16,8,0,0,9999,9999
2816,Q17,8,0,0,9999,9999
2817,Q18,8,0,0,9999,9999
2818,Q19,8,0,0,9999,9999
2819,Q20,8,0,0,9999,9999
2820,Q21,8,0,0,9999,9999
2821,Q22,8,0,0,9999,9999
2822,Q23,8,0,0,9999,9999
2823,Q24,8,0,0,9999,9999
2824,Q25,8,0,0,9999,9999
2825,Q26,8,0,0,9999,9999
2826,Q27,8,0,0,9999,9999
2827,Q28,8,0,0,9999,9999
2828,Q29,8,0,0,9999,9999
2829,Q30,8,0,0,9999,9999
2830,Q31,8,0,0,9999,9999
2831,Q32,8,0,0,9999,9999
2832,Q33,8,0,0,9999,9999
2833,Q34,8,0,0,9999,9999
2834,Q35,8,0,0,9999,9999
2835,Q36,8,0,0,9999,9999
2836,Q37,8,0,0,9999,9999
2837,Q38,8,0,0,9999,9999
2838,Q39,8,0,0,9999,9999
2839,Q40,8,0,0,9999,9999
2840,Q41,8,0,0,9999,9999
2841,Q42,8,0,0,9999,9999
2842,Q43,8,0,0,9999,9999
2843,Q44,8,0,0,9999,9999
2844,Q45,8,0,0,9999,9999
2845,Q46,8,0,0,9999,9999
2846,Q47,8,0,0,9999,9999
2847,Q48,8,0,0,9999,9999
2848,Q49,8,0,0,9999,9999
2849,Q50,8,0,0,9999,9999
2850,Q51,8,0,0,9999,9999
2851,Q52,8,0,0,9999,9999
2852,Q53,8,0,0,9999,9999
2853,Q54,8,0,0,9999,9999
2854,Q55,8,0,0,9999,9999
2855,Q56,8,0,0,9999,9999
2856,Q57,8,0,0,9999,9999
2857,Q58,8,0,0,9999,9999
2858,Q59,8,0,0,9999,9999
2859,Q60,8,0,0,9999,9999
2860,Q61,8,0,0,9999,9999
2861,Q62,8,0,0,9999,9999
2862,Q63,8,0,0,9999,9999
2863,Q64,8,0,0,9999,9999
2864,Q65,8,0,0,9999,9999
2865,Q66,8,0,0,9999,9999
2866,Q67,8,0,0,9999,9999
2867,Q68,8,0,0,9999,9999
2868,Q69,8,0,0,9999,9999
2869,Q70,8,0,0,9999,9999
2870,Q71,8,0,0,9999,9999
2871,Q72,8,0,0,9999,9999
2872,Q73,8,0,0,9999,9999
2873,Q74,8,0,0,9999,9999
2874,Q75,8,0,0,9999,9999
2875,Q76,8,0,0,9999,9999
2876,Q77,8,0,0,9999,9999
2877,Q78,8,0,0,9999,9999
2878,Q79,8,0,0,9999,9999
2879,Q80,8,0,0,9999,9999
2880,Q81,8,0,0,9999,9999
2881,Q82,8,0,0,9999,9999
2882,Q83,8,0,0,9999,9999
2883,Q84,8,0,0,9999,9999
2884,Q85,8,0,0,9999,9999
2885,Q86,8,0,0,9999,9999
2886,Q87,8,0,0,9999,9999
2887,Q88,8,0,0,9999,9999
2888,Q89,8,0,0,9999,9999
2889,Q90,8,0,0,9999,9999
2890,Q91,8,0,0,9999,9999
2891,Q92,8,0,0,9999,9999
2892,Q93,8,0,0,9999,9999
2893,Q94,8,0,0,9999,9999
2894,Q95,8,0,0,9999,9999
2895,Q96,8,0,0,9999,9999
2896,Q97,8,0,0,9999,9999
2897,Q98,8,0,0,9999,9999
2898,Q99,8,0,0,9999,9999
2899,Q100,8,0,0,9999,9999
2900,Q101,8,0,0,9999,9999
2901,Q102,8,0,0,9999,9999
2902,Q103,8,0,0,9999,9999
2903,Q104,8,0,0,9999,9999
2904,Q105,8,0,0,9999,9999
2905,Q106,8,0,0,9999,9999
2906,Q107,8,0,0,9999,9999
2907,Q108,8,0,0,9999,9999
2908,Q109,8,0,0,9999,9999
2909,Q110,8,0,0,9999,9999
2910,Q111,8,0,0,9999,9999
2911,Q112,8,0,0,9999,9999
2912,Q113,8,0,0,9999,9999
2913,Q114,8,0,0,9999,9999
2914,Q115,8,0,0,9999,9999
2915,Q116,8,0,0,9999,9999
2916,Q117,8,0,0,9999,9999
2917,Q118,8,0,0,9999,9999
2918,Q119,8,0,0,9999,9999
2919,Q120,8,0,0,9999,9999
2920,Q121,8,0,0,9999,9999
2921,Q122,8,0,0,9999,9999
2922,Q123,8,0,0,9999,9999
2923,Q124,8,0,0,9999,9999
2924,Q125,8,0,0,9999,9999
2925,Q126,8,0,0,9999,9999
2926,Q127,8,0,0,9999,9999
2927,Q128,8,0,0,9999,9999
2928,Q129,8,0,0,9999,9999
2929,Q130,8,0,0,9999,9999
2930,Q131,8,0,0,9999,9999
2931,Q132,8,0,0,9999,9999
2932,Q133,8,0,0,9999,9999
2933,Q134,8,0,0,9999,9999
2934,Q135,8,0,0,9999,9999
2935,Q136,8,0,0,9999,9999
2936,Q137,8,0,0,9999,9999
2937,Q138,8,0,0,9999,9999
2938,Q139,8,0,0,9999,9999
2939,Q140,8,0,0,9999,9999
2940,Q141,8,0,0,9999,9999
2941,Q142,8,0,0,9999,9999
2942,Q143,8,0,0,9999,9999
2943,Q144,8,0,0,9999,9999
2944,Q145,8,0,0,9999,9999
2945,Q146,8,0,0,9999,9999
2946,Q147,8,0,0,9999,9999
2947,Q148,8,0,0,9999,9999
2948,Q149,8,0,0,9999,9999
2949,Q150,8,0,0,9999,9999
2950,Q151,8,0,0,9999,9999
2951,Q152,8,0,0,9999,9999
2952,Q153,8,0,0,9999,9999
2953,Q154,8,0,0,9999,9999
2954,Q155,8,0,0,9999,9999
2955,Q156,8,0,0,9999,9999
2956,Q157,8,0,0,9999,9999
2957,Q158,8,0,0,9999,9999
2958,Q159,8,0,0,9999,9999
2959,Q160,8,0,0,9999,9999
2960,Q161,8,0,0,9999,9999
2961,Q162,8,0,0,9999,9999
2962,Q163,8,0,0,9999,9999
2963,Q164,8,0,0,9999,9999
2964,Q165,8,0,0,9999,9999
2965,Q166,8,0,0,9999,9999
2966,Q167,8,0,0,9999,9999
2967,Q168,8,0,0,9999,9999
2968,Q169,8,0,0,9999,9999
2969,Q170,8,0,0,9999,9999
2970,Q171,8,0,0,9999,9999
2971,Q172,8,0,0,9999,9999
2972,Q173,8,0,0,9999,9999
2973,Q174,8,0,0,9999,9999
2974,Q175,8,0,0,9999,9999
2975,Q176,8,0,0,9999,9999
2976,Q177,8,0,0,9999,9999
2977,Q178,8,0,0,9999,9999
2978,Q179,8,0,0,9999,9999
2979,Q180,8,0,0,9999,9999
2980,Q181,8,0,0,9999,9999
2981,Q182,8,0,0,9999,9999
2982,Q183,8,0,0,9999,9999
2983,Q184,8,0,0,9999,9999
2984,Q185,8,0,0,9999,9999
2985,Q186,8,0,0,9999,9999
2986,Q187,8,0,0,9999,9999
2987,Q188,8,0,0,9999,9999
2988,Q189,8,0,0,9999,9999
2989,Q190,8,0,0,9999,9999
2990,Q191,8,0,0,9999,9999
2991,Q192,8,0,0,9999,9999
2992,Q193,8,0,0,9999,9999
2993,Q194,8,0,0,9999,9999
2994,Q195,8,0,0,9999,9999
2995,Q196,8,0,0,9999,9999
2996,Q197,8,0,0,9999,9999
2997,Q198,8,0,0,9999,9999
2998,Q199,8,0,0,9999,9999
2999,Q200,8,0,0,9999,9999
3000,Q201,8,0,0,9999,9999
3001,Q202,8,0,0,9999,9999
3002,Q203,8,0,0,9999,9999
3003,Q204,8,0,0,9999,9999
3004,Q205,8,0,0,9999,9999
3005,Q206,8,0,0,9999,9999
3006,Q207,8,0,0,9999,9999
3007,Q208,8,0,0,9999,9999
3008,Q209,8,0,0,9999,9999
3009,Q210,8,0,0,9999,9999
3010,Q211,8,0,0,9999,9999
3011,Q212,8,0,0,9999,9999
3012,Q213,8,0,0,9999,9999
3013,Q214,8,0,0,9999,9999
3014,Q215,8,0,0,9999,9999
3015,Q216,8,0,0,9999,9999
3016,Q217,8,0,0,9999,9999
3017,Q218,8,0,0,9999,9999
3018,Q219,8,0,0,9999,9999
3019,Q220,8,0,0,9999,9999
3020,Q221,8,0,0,9999,9999
3021,Q222,8,0,0,9999,9999
3022,Q223,8,0,0,9999,9999
3023,Q224,8,0,0,9999,9999
3024,Q225,8,0,0,9999,9999
3025,Q226,8,0,0,9999,9999
3026,Q227,8,0,0,9999,9999
3027,Q228,8,0,0,9999,9999
3028,Q229,8,0,0,9999,9999
3029,Q230,8,0,0,9999,9999
3030,Q231,8,0,0,9999,9999
3031,Q232,8,0,0,9999,9999
3032,Q233,8,0,0,9999,9999
3033,Q234,8,0,0,9999,9999
3034,Q235,8,0,0,9999,9999
3035,Q236,8,0,0,9999,9999
3036,Q237,8,0,0,9999,9999
3037,Q238,8,0,0,9999,9999
3038,Q239,8,0,0,9999,9999
3039,Q240,8,0,0,9999,9999
3040,Q241,8,0,0,9999,9999
3041,Q242,8,0,0,9999,9999
3042,Q243,8,0,0,9999,9999
3043,Q244,8,0,0,9999,9999
3044,Q245,8,0,0,9999,9999
3045,Q246,8,0,0,9999,9999
3046,Q247,8,0,0,9999,9999
3047,Q248,8,0,0,9999,9999
3048,Q249,8,0,0,9999,9999
3049,Q250,8,0,0,9999,9999
3050,Q251,8,0,0,9999,9999
3051,Q252,8,0,0,9999,9999
3052,Q253,8,0,0,9999,9999
3053,Q254,8,0,0,9999,9999
3054,Q255,8,0,0,9999,9999
3055,Q256,8,0,0,9999,9999
3056,Q257,8,0,0,9999,9999
3057,Q258,8,0,0,9999,9999
3058,Q259,8,0,0,9999,9999
3059,Q260,8,0,0,9999,9999
3060,Q261,8,0,0,9999,9999
3061,Q262,8,0,0,9999,9999
3062,Q263,8,0,0,9999,9999
3063,Q264,8,0,0,9999,9999
3064,Q265,8,0,0,9999,9999
3065,Q266,8,0,0,9999,9999
3066,Q267,8,0,0,9999,9999
3067,Q268,8,0,0,9999,9999
3068,Q269,8,0,0,9999,9999
3069,Q270,8,0,0,9999,9999
3070,Q271,8,0,0,9999,9999
3071,Q272,8,0,0,9999,9999
3072,Q273,8,0,0,9999,9999
3073,Q274,8,0,0,9999,9999
3074,Q275,8,0,0,9999,9999
3075,Q276,8,0,0,9999,9999
3076,Q277,8,0,0,9999,9999
3077,Q278,8,0,0,9999,9999
3078,Q279,8,0,0,9999,9999
3079,Q280,8,0,0,9999,9999
3080,Q281,8,0,0,9999,9999
3081,Q282,8,0,0,9999,9999
3082,Q283,8,0,0,9999,9999
3083,Q284,8,0,0,9999,9999
3084,Q285,8,0,0,9999,9999
3085,Q286,8,0,0,9999,9999
3086,Q287,8,0,0,9999,9999
3087,Q288,8,0,0,9999,9999
3088,Q289,8,0,0,9999,9999
3089,Q290,8,0,0,9999,9999
3090,Q291,8,0,0,9999,9999
3091,Q292,8,0,0,9999,9999
3092,Q293,8,0,0,9999,9999
3093,Q294,8,0,0,9999,9999
3094,Q295,8,0,0,9999,9999
3095,Q296,8,0,0,9999,9999
3096,Q297,8,0,0,9999,9999
3097,Q298,8,0,0,9999,9999
3098,Q299,8,0,0,9999,9999
3099,Q300,8,0,0,9999,9999
3100,Q301,8,0,0,9999,9999
3101,Q302,8,0,0,9999,9999
3102,Q303,8,0,0,9999,9999
3103,Q304,8,0,0,9999,9999
3104,Q305,8,0,0,9999,9999
3105,Q306,8,0,0,9999,9999
3106,Q307,8,0,0,9999,9999
3107,Q308,8,0,0,9999,9999
3108,Q309,8,0,0,9999,9999
3109,Q310,8,0,0,9999,9999
3110,Q311,8,0,0,9999,9999
3111,Q312,8,0,0,9999,9999
3112,Q313,8,0,0,9999,9999
3113,Q314,8,0,0,9999,9999
3114,Q315,8,0,0,9999,9999
3115,Q316,8,0,0,9999,9999
3116,Q317,8,0,0,9999,9999
3117,Q318,8,0,0,9999,9999
3118,Q319,8,0,0,9999,9999
3119,Q320,8,0,0,9999,9999
3120,Q321,8,0,0,9999,9999
3121,Q322,8,0,0,9999,9999
3122,Q323,8,0,0,9999,9999
3123,Q324,8,0,0,9999,9999
3124,Q325,8,0,0,9999,9999
3125,Q326,8,0,0,9999,9999
3126,Q327,8,0,0,9999,9999
3127,Q328,8,0,0,9999,9999
3128,Q329,8,0,0,9999,9999
3129,Q330,8,0,0,9999,9999
3130,Q331,8,0,0,9999,9999
3131,Q332,8,0,0,9999,9999
3132,Q333,8,0,0,9999,9999
3133,Q334,8,0,0,9999,9999
3134,Q335,8,0,0,9999,9999
3135,Q336,8,0,0,9999,9999
3136,Q337,8,0,0,9999,9999
3137,Q338,8,0,0,9999,9999
3138,Q339,8,0,0,9999,9999
3139,Q340,8,0,0,9999,9999
3140,Q341,8,0,0,9999,9999
3141,Q342,8,0,0,9999,9999
3142,Q343,8,0,0,9999,9999
3143,Q344,8,0,0,9999,9999
3144,Q345,8,0,0,9999,9999
3145,Q346,8,0,0,9999,9999
3146,Q347,8,0,0,9999,9999
3147,Q348,8,0,0,9999,9999
3148,Q349,8,0,0,9999,9999
3149,Q350,8,0,0,9999,9999
3150,Q351,8,0,0,9999,9999
3151,Q352,8,0,0,9999,9999
3152,Q353,8,0,0,9999,9999
3153,Q354,8,0,0,9999,9999
3154,Q355,8,0,0,9999,9999
3155,Q356,8,0,0,9999,9999
3156,Q357,8,0,0,9999,9999
3157,Q358,8,0,0,9999,9999
3158,Q359,8,0,0,9999,9999
3159,Q360,8,0,0,9999,9999
3160,Q361,8,0,0,9999,9999
3161,Q362,8,0,0,9999,9999
3162,Q363,8,0,0,9999,9999
3163,Q364,8,0,0,9999,9999
3164,Q365,8,0,0,9999,9999
3165,Q366,8,0,0,9999,9999
3166,Q367,8,0,0,9999,9999
3167,Q368,8,0,0,9999,9999
3168,Q369,8,0,0,9999,9999
3169,Q370,8,0,0,9999,9999
3170,Q371,8,0,0,9999,9999
3171,Q372,8,0,0,9999,9999
3172,Q373,8,0,0,9999,9999
3173,Q374,8,0,0,9999,9999
3174,Q375,8,0,0,9999,9999
3175,Q376,8,0,0,9999,9999
3176,Q377,8,0,0,9999,9999
3177,Q378,8,0,0,9999,9999
3178,Q379,8,0,0,9999,9999
3179,Q380,8,0,0,9999,9999
3180,Q381,8,0,0,9999,9999
3181,Q382,8,0,0,9999,9999
3182,Q383,8,0,0,9999,9999
3183,Q384,8,0,0,9999,9999
3184,Q385,8,0,0,9999,9999
3185,Q386,8,0,0,9999,9999
3186,Q387,8,0,0,9999,9999
3187,Q388,8,0,0,9999,9999
3188,Q389,8,0,0,9999,9999
3189,Q390,8,0,0,9999,9999
3190,Q391,8,0,0,9999,9999
3191,Q392,8,0,0,9999,9999
3192,Q393,8,0,0,9999,9999
3193,Q394,8,0,0,9999,9999
3194,Q395,8,0,0,9999,9999
3195,Q396,8,0,0,9999,9999
3196,Q397,8,0,0,9999,9999
3197,Q398,8,0,0,9999,9999
3198,Q399,8,0,0,9999,9999
3199,Q400,8,0,0,9999,9999
